Country,Year,confirmed_cases,hospital_flow,hospital_stock,icu_flow,icu_stock,confirmed_deaths
United States,280,,,,,,
United States,287,,,,,,
United States,294,,,,,,
United States,301,,,,,,
United States,308,,,,,,
United States,315,,,,,,
United States,322,,,,,,
United States,329,,,,,,
United States,336,,,,,,
United States,343,,,,,,
United States,350,,,,,,
United States,357,,,,,,
United States,364,,,,,,
United States,371,,,,,,
United States,378,,,,,,
United States,385,,,,,,
United States,392,,,,,,
United States,399,,,,,,
United States,406,,,,,,
United States,413,,,,,,
United States,420,,,,,,
United States,427,,,,,,
United States,434,,,,,,
United States,441,,,,,,
United States,448,,,,,,
United States,455,,,,,,
United States,462,,,,,,
United States,469,,,,,,
United States,476,,,,,,
United States,483,,,,,,
United States,490,,,,,,
United States,497,,,,,,
United States,504,,,,,,
United States,511,,,,,,
United States,518,,,,,,
United States,525,,,,,,
United States,532,,,,,,
United States,539,,,,,,
United States,546,,,,,,
United States,553,,,,,,
United States,560,,,,,,
United States,567,,,,,,
United States,574,,,,,30.1,
United States,581,,,,,32.4,
United States,588,,,,,36.3,
United States,595,,,,,40.6,
United States,602,,,,,45.3,
United States,609,,,,,52.6,
United States,616,,,,,63.8,
United States,623,,26.7,,,72.5,
United States,630,,29.9,,,79.9,
United States,637,,34.0,,,85.7,
United States,644,,37.6,,,90.4,
United States,651,,44.2,,,93.7,
United States,658,,55.8,,,96.4,
United States,665,,67.1,,,99.6,
United States,672,,74.8,,,100.0,
United States,679,,78.4,,,94.0,
United States,686,,84.5,,,84.8,
United States,693,,90.9,,,74.5,
United States,700,,93.2,,,63.7,
United States,707,,93.3,,,54.2,
United States,714,,100.0,,,44.9,
United States,721,,98.1,,,37.4,
United States,728,,89.9,,,32.9,
United States,735,,77.9,,,30.2,
United States,742,,65.0,,,29.5,
United States,749,,56.0,,,29.6,
United States,756,,44.1,,,31.4,
United States,763,,39.5,,,33.4,
United States,770,,33.1,,,34.5,
United States,777,,30.3,,,33.2,
United States,784,,28.9,,,31.2,
United States,791,,29.3,,,28.2,
United States,798,,30.9,,,24.6,
United States,805,,32.9,,,21.4,
United States,812,,34.3,,,18.5,
United States,819,,34.5,,,15.6,
United States,826,,30.9,,,13.5,
United States,833,,28.3,,,12.9,
United States,840,,24.6,,,12.8,
United States,847,,21.2,,,14.4,
United States,854,,19.0,,,18.3,
United States,861,,15.6,,,25.8,
United States,868,,13.7,,,36.1,
United States,875,,12.4,,,50.9,
United States,882,,11.4,,,66.2,
United States,889,,12.0,,,79.0,
United States,896,,13.5,,,87.2,
United States,903,,17.7,,,90.4,
United States,910,,24.5,,,90.5,
United States,917,,36.0,,,86.6,
United States,924,,50.0,,,80.5,
United States,931,,64.0,,,71.0,
United States,938,,72.5,,,62.3,
United States,945,,75.9,,,61.0,
United States,952,,75.7,,,54.6,
United States,959,,72.4,,,50.1,
United States,966,,67.7,,,41.0,
United States,973,,59.3,,,39.3,
United States,980,,50.8,,,40.6,
United States,987,,44.7,,,43.3,
United States,994,,41.1,,,47.6,
United States,1001,,36.8,,,51.9,
United States,1008,,33.2,,,55.3,
United States,1015,,31.3,,,56.6,
United States,1022,,32.0,,,62.1,
United States,1029,,34.6,,,74.9,
United States,1036,,38.0,,,88.2,
United States,1043,,40.7,,,92.1,
United States,1050,,46.8,,,87.3,
United States,1057,,48.3,,,76.3,
United States,1064,,50.4,,,61.7,
United States,1071,,68.7,,,45.8,
United States,1078,,106.7,,,33.5,
United States,1085,,130.5,,,23.7,
United States,1092,,130.7,,,16.5,
United States,1099,,118.8,,,12.0,
United States,1106,,97.1,,,9.0,
United States,1113,,71.9,,,7.1,
United States,1120,,51.7,,,5.9,
United States,1127,,35.9,,,5.3,
United States,1134,,25.6,,,5.0,
United States,1141,,18.7,,,5.5,
United States,1148,,14.1,,,6.0,
United States,1155,,11.3,,,6.6,
United States,1162,,9.8,,,7.9,
United States,1169,,8.9,,,8.4,
United States,1176,,9.3,,,9.2,
United States,1183,,10.3,,,9.9,
United States,1190,,12.4,,,10.4,
United States,1197,,14.7,,,10.9,
Spain,349,25.6,26.1,,25.3,,30.0
Spain,350,27.0,26.4,,25.2,,29.1
Spain,351,27.0,26.7,,24.7,,30.1
Spain,352,27.4,27.3,,25.9,,30.5
Spain,353,27.5,27.9,,26.6,,31.6
Spain,354,27.6,27.6,,26.4,,31.1
Spain,355,28.0,26.7,,26.8,,31.4
Spain,356,28.5,27.1,,28.3,,32.4
Spain,357,29.6,28.2,,30.7,,33.0
Spain,358,29.2,28.8,,31.6,,33.2
Spain,359,26.3,29.3,,32.7,,33.5
Spain,360,26.1,30.0,,32.7,,33.3
Spain,361,26.7,30.8,,34.0,,35.2
Spain,362,28.3,31.8,,34.6,,34.7
Spain,363,30.6,33.2,,34.7,,36.0
Spain,364,33.2,34.2,,34.5,,38.0
Spain,365,35.5,36.5,,36.9,,39.3
Spain,366,36.6,38.8,,38.1,,41.0
Spain,367,38.3,39.3,,39.6,,43.6
Spain,368,39.9,42.6,,42.4,,45.1
Spain,369,42.8,46.6,,45.8,,47.9
Spain,370,47.5,47.8,,47.8,,49.9
Spain,371,44.9,49.6,,51.2,,53.6
Spain,372,49.4,51.9,,54.1,,57.1
Spain,373,59.6,55.3,,58.3,,60.4
Spain,374,63.2,61.0,,63.3,,63.6
Spain,375,64.8,65.7,,67.4,,68.7
Spain,376,68.9,70.3,,71.3,,73.3
Spain,377,71.6,75.4,,75.5,,77.9
Spain,378,81.5,79.3,,77.6,,82.6
Spain,379,86.1,84.3,,83.1,,84.7
Spain,380,90.2,89.1,,86.4,,88.6
Spain,381,92.5,92.8,,90.3,,91.7
Spain,382,94.4,96.2,,94.2,,93.6
Spain,383,95.8,98.6,,97.6,,97.0
Spain,384,97.8,99.7,,99.4,,99.1
Spain,385,99.0,99.8,,99.8,,98.2
Spain,386,100.0,100.0,,100.0,,100.0
Spain,387,99.7,99.4,,99.2,,99.3
Spain,388,99.2,98.3,,98.5,,99.7
Spain,389,98.7,96.5,,95.8,,97.9
Spain,390,97.5,95.0,,94.3,,95.3
Spain,391,95.5,93.4,,93.0,,93.3
Spain,392,93.0,91.4,,92.8,,91.5
Spain,393,90.0,88.3,,90.2,,88.9
Spain,394,86.0,85.3,,88.6,,86.2
Spain,395,83.8,81.5,,86.1,,82.7
Spain,396,81.5,77.8,,83.7,,80.1
Spain,397,77.4,73.8,,80.7,,77.9
Spain,398,72.8,70.0,,76.5,,74.4
Spain,399,67.9,66.8,,73.1,,71.1
Spain,400,63.0,63.5,,70.0,,67.6
Spain,401,58.1,59.4,,66.4,,63.9
Spain,402,54.9,55.6,,61.5,,60.6
Spain,403,52.7,51.5,,58.1,,58.1
Spain,404,49.1,48.1,,53.4,,54.3
Spain,405,44.8,45.3,,50.5,,51.2
Spain,406,40.6,42.9,,47.6,,48.2
Spain,407,36.8,39.4,,43.4,,45.6
Spain,408,33.4,36.0,,40.3,,44.0
Spain,409,31.6,33.9,,38.8,,42.3
Spain,410,30.5,31.9,,36.4,,39.5
Spain,411,28.5,29.7,,34.9,,38.0
Spain,412,26.3,28.8,,34.2,,36.7
Spain,413,24.4,28.1,,34.1,,35.5
Spain,414,22.9,26.8,,33.4,,35.1
Spain,415,21.4,26.0,,31.6,,34.2
Spain,416,20.7,24.8,,30.0,,31.7
Spain,417,20.3,23.8,,28.7,,30.9
Spain,418,19.5,23.4,,28.4,,29.3
Spain,419,18.5,22.8,,28.2,,27.8
Spain,420,17.6,22.1,,27.5,,26.5
Spain,421,16.8,21.2,,25.7,,25.4
Spain,422,16.2,20.6,,26.9,,24.1
Spain,423,15.9,20.1,,26.3,,23.9
Spain,424,15.7,19.8,,26.6,,23.0
Spain,425,15.1,19.3,,26.0,,21.8
Spain,426,14.5,19.0,,25.3,,20.6
Spain,427,14.3,19.1,,25.3,,20.1
Spain,428,14.1,19.3,,25.3,,19.1
Spain,429,13.8,19.3,,23.7,,18.6
Spain,430,13.7,19.1,,23.5,,18.2
Spain,431,13.6,18.8,,22.7,,18.1
Spain,432,13.5,18.5,,21.3,,17.8
Spain,433,13.4,18.5,,21.2,,17.1
Spain,434,13.2,18.1,,20.6,,16.2
Spain,435,13.1,17.7,,20.9,,15.7
Spain,436,13.2,17.4,,21.3,,15.4
Spain,437,13.1,17.7,,21.7,,14.5
Spain,438,13.1,17.6,,22.0,,14.0
Spain,439,13.3,17.3,,22.7,,13.2
Spain,440,13.5,17.1,,22.4,,13.3
Spain,441,13.6,17.3,,22.6,,13.7
Spain,442,14.0,17.6,,22.8,,13.6
Spain,443,13.6,17.8,,22.7,,13.9
Spain,444,13.6,17.8,,23.1,,14.3
Spain,445,13.8,18.2,,24.4,,14.0
Spain,446,14.0,18.9,,25.3,,14.5
Spain,447,14.5,19.5,,26.6,,14.7
Spain,448,15.0,19.5,,26.8,,14.2
Spain,449,15.3,19.9,,27.5,,14.5
Spain,450,16.5,20.5,,28.0,,14.0
Spain,451,17.0,21.2,,29.0,,13.6
Spain,452,17.3,21.4,,28.5,,13.7
Spain,453,17.8,21.2,,29.3,,14.0
Spain,454,18.1,21.6,,29.1,,14.1
Spain,455,19.0,22.4,,30.7,,14.4
Spain,456,18.3,23.0,,30.6,,14.7
Spain,457,16.8,23.7,,33.3,,14.6
Spain,458,16.9,24.1,,33.1,,15.2
Spain,459,17.5,24.9,,33.9,,15.0
Spain,460,17.6,26.1,,34.0,,15.0
Spain,461,18.7,26.4,,35.1,,15.0
Spain,462,19.4,26.6,,35.8,,15.0
Spain,463,21.2,27.1,,37.3,,14.6
Spain,464,24.0,27.4,,36.4,,14.8
Spain,465,24.4,27.8,,37.2,,14.6
Spain,466,24.3,28.0,,38.7,,14.4
Spain,467,24.8,28.6,,40.4,,14.1
Spain,468,24.5,28.7,,41.3,,13.9
Spain,469,24.4,29.0,,40.8,,13.7
Spain,470,24.1,29.1,,41.0,,13.7
Spain,471,23.9,29.4,,42.4,,13.7
Spain,472,23.8,29.2,,41.9,,13.3
Spain,473,23.8,29.2,,42.7,,13.1
Spain,474,23.7,28.4,,42.4,,12.8
Spain,475,23.8,28.3,,41.6,,12.6
Spain,476,23.6,28.1,,41.2,,12.4
Spain,477,23.6,28.0,,39.8,,11.9
Spain,478,23.6,27.6,,38.5,,11.8
Spain,479,23.4,26.9,,38.5,,12.0
Spain,480,23.4,26.5,,36.4,,11.9
Spain,481,23.4,26.5,,34.8,,12.0
Spain,482,23.0,25.9,,34.0,,12.0
Spain,483,22.8,25.5,,34.4,,12.1
Spain,484,22.5,24.0,,34.5,,12.0
Spain,485,22.1,23.3,,33.0,,11.9
Spain,486,21.6,23.0,,33.5,,11.3
Spain,487,21.3,22.2,,33.1,,11.0
Spain,488,20.2,21.5,,33.1,,10.9
Spain,489,19.3,20.8,,32.5,,10.8
Spain,490,18.8,20.2,,30.0,,10.1
Spain,491,18.0,19.7,,28.4,,9.7
Spain,492,17.4,18.8,,27.5,,9.4
Spain,493,17.2,18.2,,25.1,,8.8
Spain,494,16.9,17.5,,22.8,,8.3
Spain,495,16.9,16.8,,20.5,,7.8
Spain,496,16.3,16.3,,19.3,,7.1
Spain,497,15.5,16.0,,19.8,,7.0
Spain,498,15.0,15.5,,20.0,,6.8
Spain,499,14.3,15.1,,19.1,,6.6
Spain,500,14.1,14.3,,18.9,,6.6
Spain,501,14.0,13.7,,19.1,,6.3
Spain,502,13.6,13.3,,19.6,,6.0
Spain,503,13.6,12.9,,19.3,,5.7
Spain,504,13.4,12.6,,18.8,,5.3
Spain,505,13.3,12.4,,18.3,,5.0
Spain,506,13.2,12.1,,18.3,,5.0
Spain,507,13.1,11.9,,17.8,,5.1
Spain,508,13.0,11.8,,17.3,,5.2
Spain,509,12.8,11.5,,16.1,,5.1
Spain,510,12.6,11.5,,15.3,,5.3
Spain,511,12.5,11.6,,14.6,,5.4
Spain,512,12.5,11.4,,13.8,,5.6
Spain,513,12.3,11.2,,13.1,,5.4
Spain,514,12.4,11.1,,12.4,,4.9
Spain,515,12.4,10.8,,12.2,,5.1
Spain,516,12.5,10.4,,12.2,,4.7
Spain,517,12.4,10.2,,12.6,,4.7
Spain,518,12.4,10.0,,12.6,,4.1
Spain,519,12.0,9.8,,12.0,,4.0
Spain,520,11.7,9.7,,11.5,,3.8
Spain,521,11.5,9.3,,11.1,,3.7
Spain,522,11.4,9.1,,10.2,,3.5
Spain,523,11.1,9.0,,9.7,,3.7
Spain,524,10.8,8.8,,9.1,,3.6
Spain,525,10.3,8.7,,8.7,,3.7
Spain,526,10.2,8.2,,9.0,,3.4
Spain,527,10.0,7.9,,9.0,,3.4
Spain,528,9.9,7.8,,8.7,,3.3
Spain,529,9.8,7.6,,8.4,,3.2
Spain,530,9.6,7.2,,7.8,,3.1
Spain,531,9.6,7.0,,7.9,,2.9
Spain,532,9.5,6.8,,7.1,,2.8
Spain,533,9.4,6.6,,6.9,,2.9
Spain,534,9.5,6.4,,6.4,,2.9
Spain,535,9.5,6.1,,6.3,,2.9
Spain,536,9.5,6.0,,6.3,,2.8
Spain,537,9.6,6.1,,6.9,,2.6
Spain,538,9.8,6.2,,6.4,,2.6
Spain,539,10.2,6.3,,6.4,,2.4
Spain,540,10.1,6.3,,6.1,,2.5
Spain,541,10.8,6.4,,6.4,,2.3
Spain,542,11.4,6.6,,6.3,,2.2
Spain,543,12.0,7.1,,6.6,,2.2
Spain,544,13.7,7.2,,6.6,,2.1
Spain,545,16.3,7.6,,7.3,,1.9
Spain,546,19.5,7.8,,7.6,,2.1
Spain,547,23.6,8.4,,7.7,,2.2
Spain,548,27.4,9.0,,7.9,,2.3
Spain,549,30.0,9.8,,9.3,,2.4
Spain,550,31.8,10.6,,9.6,,2.6
Spain,551,35.4,11.6,,10.5,,2.9
Spain,552,39.4,12.2,,11.5,,3.2
Spain,553,43.4,13.1,,12.6,,3.8
Spain,554,46.9,14.4,,13.8,,3.9
Spain,555,50.8,15.6,,15.2,,4.2
Spain,556,52.7,17.0,,15.0,,4.7
Spain,557,54.6,18.2,,17.4,,5.5
Spain,558,58.2,19.8,,19.1,,6.4
Spain,559,61.4,21.2,,20.7,,7.3
Spain,560,64.1,22.5,,21.4,,7.5
Spain,561,66.9,24.2,,23.2,,9.3
Spain,562,68.9,26.3,,25.4,,10.3
Spain,563,70.3,28.0,,28.6,,11.0
Spain,564,71.2,29.9,,29.6,,11.8
Spain,565,72.8,31.6,,31.0,,12.3
Spain,566,74.2,32.7,,32.7,,12.9
Spain,567,75.0,33.5,,34.4,,14.1
Spain,568,75.6,34.4,,36.3,,14.0
Spain,569,75.8,34.9,,37.7,,14.5
Spain,570,75.6,35.3,,38.4,,15.4
Spain,571,74.9,35.0,,38.8,,15.7
Spain,572,73.3,34.8,,38.2,,17.1
Spain,573,72.1,35.0,,36.8,,17.7
Spain,574,70.2,34.3,,38.2,,18.2
Spain,575,68.0,33.3,,37.9,,18.4
Spain,576,66.2,33.2,,37.7,,18.5
Spain,577,64.8,32.7,,37.2,,19.0
Spain,578,63.6,32.4,,36.9,,19.2
Spain,579,61.2,32.0,,36.9,,18.8
Spain,580,58.3,31.3,,38.2,,19.7
Spain,581,55.7,31.0,,36.9,,19.4
Spain,582,53.2,31.0,,35.9,,20.0
Spain,583,50.6,29.9,,34.8,,20.9
Spain,584,49.0,29.3,,33.0,,20.7
Spain,585,48.1,28.7,,32.7,,21.6
Spain,586,46.2,27.6,,32.8,,21.5
Spain,587,44.4,27.0,,31.1,,20.8
Spain,588,42.5,26.6,,29.6,,20.2
Spain,589,40.6,25.7,,29.4,,19.5
Spain,590,38.4,24.8,,27.9,,18.5
Spain,591,37.3,24.1,,28.2,,18.3
Spain,592,36.6,23.2,,26.8,,17.1
Spain,593,34.4,22.7,,25.9,,17.3
Spain,594,32.3,22.0,,25.2,,17.0
Spain,595,31.0,21.2,,25.1,,16.9
Spain,596,29.7,20.8,,23.7,,16.7
Spain,597,28.8,20.1,,23.8,,16.7
Spain,598,28.2,19.5,,23.2,,16.5
Spain,599,27.6,18.9,,23.1,,16.6
Spain,600,27.7,18.5,,21.9,,16.1
Spain,601,26.8,17.8,,21.7,,15.7
Spain,602,25.4,17.5,,21.7,,15.5
Spain,603,23.9,16.7,,21.1,,15.0
Spain,604,22.5,16.2,,19.8,,14.6
Spain,605,21.5,15.5,,19.3,,14.0
Spain,606,20.9,14.9,,19.0,,13.1
Spain,607,19.5,14.2,,18.4,,12.4
Spain,608,18.4,13.6,,17.3,,12.3
Spain,609,17.1,13.2,,16.0,,11.9
Spain,610,15.9,12.6,,15.3,,11.5
Spain,611,14.6,12.3,,14.6,,11.5
Spain,612,14.1,11.6,,14.0,,10.9
Spain,613,13.8,10.8,,12.9,,11.0
Spain,614,13.0,10.3,,12.6,,10.8
Spain,615,12.0,10.0,,12.1,,10.3
Spain,616,11.1,9.5,,11.5,,10.0
Spain,617,10.5,9.1,,11.3,,10.0
Spain,618,10.0,8.3,,11.0,,9.7
Spain,619,9.6,8.0,,10.6,,9.6
Spain,620,9.3,7.8,,9.8,,9.2
Spain,621,9.0,7.5,,9.0,,8.6
Spain,622,8.5,7.2,,9.2,,8.0
Spain,623,8.1,6.9,,9.0,,7.7
Spain,624,7.8,6.5,,8.1,,7.2
Spain,625,7.5,6.3,,8.3,,6.6
Spain,626,7.3,5.8,,7.3,,6.1
Spain,627,7.2,5.6,,7.0,,5.4
Spain,628,6.8,5.4,,6.9,,5.1
Spain,629,6.5,5.3,,6.2,,5.2
Spain,630,6.3,5.1,,5.7,,4.9
Spain,631,6.1,4.9,,5.7,,5.1
Spain,632,5.9,4.7,,4.5,,4.9
Spain,633,5.8,4.6,,4.3,,5.1
Spain,634,5.8,4.4,,4.1,,4.8
Spain,635,5.8,4.3,,4.2,,4.9
Spain,636,5.6,4.3,,4.2,,4.6
Spain,637,5.5,4.2,,4.3,,4.4
Spain,638,5.3,4.2,,4.2,,3.9
Spain,639,5.0,4.1,,4.3,,3.9
Spain,640,4.9,3.9,,4.3,,3.7
Spain,641,4.9,3.9,,4.4,,3.7
Spain,642,4.6,3.7,,4.2,,3.6
Spain,643,4.5,3.7,,4.0,,3.5
Spain,644,4.4,3.8,,3.8,,3.5
Spain,645,4.3,3.9,,4.2,,3.4
Spain,646,4.3,3.8,,4.5,,3.4
Spain,647,4.2,4.1,,4.7,,3.1
Spain,648,4.2,4.2,,5.0,,3.2
Spain,649,4.2,4.4,,5.1,,3.3
Spain,650,3.8,4.5,,5.3,,3.3
Spain,651,3.9,4.5,,6.2,,3.2
Spain,652,4.0,4.6,,6.3,,3.2
Spain,653,4.1,4.9,,6.7,,3.2
Spain,654,4.2,4.7,,6.6,,3.3
Spain,655,4.3,4.7,,6.6,,3.2
Spain,656,4.3,4.7,,6.4,,3.0
Spain,657,4.8,4.7,,6.7,,2.9
Spain,658,4.9,4.6,,6.3,,2.8
Spain,659,4.9,4.5,,6.2,,2.8
Spain,660,5.0,4.4,,5.8,,2.8
Spain,661,5.0,4.6,,6.0,,2.7
Spain,662,5.0,4.7,,6.2,,2.5
Spain,663,5.1,4.9,,6.6,,2.6
Spain,664,5.1,4.9,,6.3,,2.3
Spain,665,5.1,4.9,,6.1,,2.4
Spain,666,5.1,5.0,,5.7,,2.3
Spain,667,5.3,5.4,,6.1,,2.5
Spain,668,5.4,5.4,,5.7,,2.9
Spain,669,5.4,5.3,,5.2,,3.3
Spain,670,4.9,5.4,,5.3,,3.4
Spain,671,5.2,5.4,,5.7,,3.6
Spain,672,5.5,5.6,,5.6,,4.1
Spain,673,5.9,6.1,,6.4,,4.1
Spain,674,6.2,6.1,,7.0,,4.2
Spain,675,6.4,6.3,,7.9,,4.0
Spain,676,6.5,6.6,,8.2,,4.0
Spain,677,7.5,6.6,,8.3,,3.9
Spain,678,7.8,6.9,,8.1,,4.0
Spain,679,8.2,7.2,,8.5,,3.7
Spain,680,8.8,7.2,,8.3,,3.8
Spain,681,9.5,7.4,,8.4,,4.0
Spain,682,9.9,7.7,,8.2,,4.3
Spain,683,10.3,8.0,,8.3,,4.3
Spain,684,11.1,8.6,,8.8,,4.3
Spain,685,12.1,9.0,,9.1,,4.5
Spain,686,13.2,9.4,,10.2,,4.9
Spain,687,14.2,10.0,,11.5,,5.1
Spain,688,15.3,10.5,,11.8,,5.0
Spain,689,16.0,11.2,,13.1,,5.3
Spain,690,16.4,11.8,,14.2,,5.8
Spain,691,17.4,12.0,,14.9,,6.4
Spain,692,18.5,12.2,,15.3,,6.5
Spain,693,19.8,12.4,,15.6,,6.9
Spain,694,21.1,12.5,,16.1,,7.3
Spain,695,22.4,13.1,,16.2,,7.6
Spain,696,23.3,13.3,,17.2,,8.0
Spain,697,23.9,13.7,,18.3,,8.0
Spain,698,25.3,14.2,,18.6,,8.2
Spain,699,26.9,14.6,,19.4,,8.6
Spain,700,28.9,15.0,,20.1,,8.8
Spain,701,31.2,15.1,,20.0,,9.1
Spain,702,33.2,15.2,,21.5,,9.2
Spain,703,35.0,15.1,,21.2,,9.6
Spain,704,36.3,15.6,,21.2,,10.1
Spain,705,34.8,16.4,,22.2,,10.2
Spain,706,36.9,17.3,,23.4,,11.3
Spain,707,35.9,17.8,,23.5,,12.0
Spain,708,38.3,18.6,,24.6,,12.4
Spain,709,42.4,19.2,,25.1,,13.0
Spain,710,44.7,20.3,,26.9,,13.5
Spain,711,46.8,20.8,,28.4,,13.8
Spain,712,54.6,21.3,,29.0,,14.5
Spain,713,60.4,21.5,,28.5,,14.5
Spain,714,70.7,22.2,,29.6,,14.3
Spain,715,78.0,23.2,,30.1,,14.8
Spain,716,85.4,24.4,,29.9,,15.2
Spain,717,89.6,25.4,,28.9,,15.4
Spain,718,93.4,26.5,,28.7,,16.0
Spain,719,104.7,27.1,,29.4,,16.6
Spain,720,121.7,27.9,,30.4,,17.1
Spain,721,141.6,29.5,,31.3,,17.7
Spain,722,165.0,31.7,,32.4,,18.3
Spain,723,177.5,34.2,,33.9,,19.0
Spain,724,185.8,36.8,,34.1,,20.5
Spain,725,198.1,39.2,,35.6,,21.8
Spain,726,223.0,40.7,,35.0,,22.9
Spain,727,248.8,42.3,,36.4,,23.4
Spain,728,274.6,43.7,,36.7,,24.9
Spain,729,295.3,45.3,,37.8,,26.1
Spain,730,307.5,47.1,,37.8,,27.2
Spain,731,312.4,48.7,,40.8,,28.5
Spain,732,320.0,49.0,,39.9,,29.1
Spain,733,332.4,51.7,,41.0,,30.0
Spain,734,344.2,53.8,,41.0,,31.9
Spain,735,349.4,54.8,,41.6,,33.4
Spain,736,320.3,56.2,,41.7,,34.3
Spain,737,338.3,57.1,,42.2,,36.1
Spain,738,351.3,57.9,,41.3,,36.8
Spain,739,360.0,59.8,,42.9,,37.8
Spain,740,371.6,60.4,,43.1,,39.5
Spain,741,373.2,60.5,,42.0,,40.0
Spain,742,372.2,60.3,,41.1,,40.8
Spain,743,401.8,60.4,,40.9,,40.8
Spain,744,395.4,59.9,,40.3,,40.7
Spain,745,392.9,60.0,,40.0,,41.6
Spain,746,385.8,60.0,,38.8,,43.0
Spain,747,377.7,59.6,,38.7,,43.3
Spain,748,368.3,58.7,,38.3,,43.6
Spain,749,360.6,58.1,,38.0,,44.1
Spain,750,353.6,56.9,,36.6,,45.5
Spain,751,350.7,55.6,,36.6,,46.0
Spain,752,345.5,54.2,,35.5,,46.2
Spain,753,341.8,52.6,,35.1,,46.1
Spain,754,331.7,51.1,,33.8,,45.8
Spain,755,319.5,50.1,,32.8,,46.1
Spain,756,306.6,49.2,,32.3,,45.4
Spain,757,290.9,47.6,,31.8,,44.6
Spain,758,273.6,46.3,,29.8,,44.3
Spain,759,263.2,44.3,,29.0,,42.9
Spain,760,252.4,42.9,,28.3,,41.8
Spain,761,232.0,41.5,,27.8,,41.2
Spain,762,213.3,40.2,,26.9,,39.7
Spain,763,195.8,38.9,,25.3,,39.4
Spain,764,181.5,37.5,,23.7,,38.1
Spain,765,169.0,36.0,,22.8,,36.4
Spain,766,161.3,34.2,,21.0,,34.9
Spain,767,154.8,32.7,,19.1,,34.0
Spain,768,143.8,30.8,,18.4,,32.2
Spain,769,133.5,29.5,,17.5,,30.8
Spain,770,123.9,28.2,,16.6,,27.8
Spain,771,115.5,27.0,,15.7,,26.3
Spain,772,107.2,25.5,,15.3,,24.5
Spain,773,102.6,24.4,,15.6,,23.0
Spain,774,98.8,23.4,,14.9,,21.3
Spain,775,90.5,22.5,,12.8,,19.9
Spain,776,83.8,21.9,,12.4,,19.0
Spain,777,77.5,21.0,,11.9,,18.9
Spain,778,72.1,19.8,,11.6,,18.1
Spain,779,67.9,18.7,,10.3,,17.2
Spain,780,65.8,18.0,,9.3,,17.3
Spain,781,64.1,17.0,,8.7,,16.1
Spain,782,60.4,16.2,,8.8,,15.3
Spain,783,57.2,15.4,,9.1,,14.8
Spain,784,54.6,14.8,,9.1,,14.0
Spain,785,52.2,14.7,,8.4,,13.5
Spain,786,49.7,14.1,,8.3,,13.7
Spain,787,48.6,13.6,,7.7,,12.8
Spain,788,47.6,13.5,,7.5,,12.4
Spain,789,45.0,13.3,,7.0,,12.4
Spain,790,42.9,13.1,,6.8,,12.3
Spain,791,42.6,13.1,,7.1,,12.3
Spain,792,43.3,12.7,,7.4,,12.2
Spain,793,44.1,13.0,,8.1,,11.5
Spain,794,44.5,12.9,,8.5,,11.2
Spain,795,44.9,12.7,,8.5,,11.0
Spain,796,45.8,12.5,,9.1,,10.8
Spain,797,46.6,12.7,,9.1,,10.1
Spain,798,46.0,12.9,,8.8,,9.6
Spain,799,45.2,13.0,,8.2,,9.8
Spain,800,44.6,13.1,,8.0,,
Spain,801,44.4,13.2,,7.4,,
Spain,802,44.6,13.3,,7.3,,
Spain,803,45.2,13.6,,6.6,,
Spain,804,45.6,13.8,,6.8,,
Spain,805,46.2,,,,,
Spain,806,46.6,,,,,
Spain,807,47.5,,,,,
Spain,808,47.6,,,,,
Israel,319,8.0,,27.6,18.6,,14.0
Israel,320,8.3,,27.0,18.3,,12.5
Israel,321,8.5,,28.1,18.4,,12.3
Israel,322,8.6,,27.4,18.2,,13.5
Israel,323,8.5,,27.6,17.8,,13.5
Israel,324,8.5,,28.0,16.7,,13.7
Israel,325,8.7,,27.3,17.2,,14.2
Israel,326,9.0,,25.7,17.1,,14.5
Israel,327,9.1,,26.4,17.9,,14.0
Israel,328,9.2,,26.3,17.0,,14.2
Israel,329,9.7,,25.1,17.2,,14.7
Israel,330,10.2,,25.0,17.0,,16.6
Israel,331,10.6,,27.0,19.6,,17.3
Israel,332,10.9,,27.2,20.7,,17.8
Israel,333,11.4,,27.9,22.6,,19.3
Israel,334,11.9,,28.3,23.7,,19.5
Israel,335,12.4,,28.9,25.4,,20.5
Israel,336,13.3,,29.7,25.8,,21.2
Israel,337,13.9,,29.7,26.7,,21.7
Israel,338,14.8,,31.1,24.9,,22.7
Israel,339,15.5,,31.0,24.3,,23.9
Israel,340,16.1,,31.1,23.5,,24.8
Israel,341,17.1,,31.3,24.4,,27.0
Israel,342,18.1,,32.2,25.4,,28.2
Israel,343,18.6,,32.5,27.7,,27.7
Israel,344,19.5,,33.1,28.9,,30.1
Israel,345,20.1,,36.7,31.3,,29.6
Israel,346,20.6,,37.9,33.2,,30.8
Israel,347,21.2,,39.0,36.2,,31.6
Israel,348,22.0,,39.0,37.1,,32.3
Israel,349,23.9,,40.2,38.9,,36.1
Israel,350,25.6,,41.4,39.0,,39.0
Israel,351,27.0,,42.3,40.7,,36.9
Israel,352,28.7,,46.0,43.2,,41.9
Israel,353,29.7,,46.6,44.8,,45.1
Israel,354,32.0,,48.4,45.3,,46.0
Israel,355,34.7,,49.0,47.4,,47.2
Israel,356,37.2,,49.5,48.9,,48.7
Israel,357,39.3,,50.7,51.3,,48.2
Israel,358,41.3,,53.1,53.2,,54.7
Israel,359,43.4,,57.8,54.9,,57.6
Israel,360,44.7,,56.7,57.0,,60.5
Israel,361,45.5,,57.8,60.5,,58.8
Israel,362,48.3,,58.6,62.4,,62.9
Israel,363,50.5,,60.4,62.4,,60.5
Israel,364,53.6,,62.6,65.4,,68.2
Israel,365,56.7,,64.1,69.5,,71.6
Israel,366,60.2,,71.9,73.5,,74.2
Israel,367,62.8,,73.1,77.8,,75.7
Israel,368,65.7,,75.6,79.5,,82.2
Israel,369,70.7,,76.9,80.9,,85.3
Israel,370,75.1,,78.9,86.1,,89.6
Israel,371,78.6,,79.6,88.6,,86.7
Israel,372,81.7,,82.5,91.0,,86.7
Israel,373,85.4,,89.5,91.0,,83.9
Israel,374,87.0,,90.3,92.7,,87.0
Israel,375,90.0,,89.5,95.7,,88.2
Israel,376,92.2,,89.9,98.4,,92.8
Israel,377,94.0,,91.6,96.9,,96.1
Israel,378,96.7,,92.7,98.2,,98.6
Israel,379,99.5,,93.4,97.0,,99.5
Israel,380,100.0,,100.0,100.0,,100.0
Israel,381,99.9,,96.6,97.3,,95.2
Israel,382,97.6,,94.8,95.4,,91.8
Israel,383,98.3,,92.7,94.1,,86.0
Israel,384,97.2,,91.1,95.4,,82.7
Israel,385,95.3,,89.1,93.0,,84.6
Israel,386,91.8,,89.3,94.9,,83.6
Israel,387,90.0,,94.1,93.2,,83.4
Israel,388,85.5,,90.5,92.7,,80.7
Israel,389,84.3,,88.0,92.0,,83.9
Israel,390,81.8,,85.8,89.3,,82.2
Israel,391,80.5,,85.8,86.2,,78.3
Israel,392,79.4,,84.7,85.3,,73.7
Israel,393,79.3,,83.1,82.2,,67.7
Israel,394,78.2,,89.0,80.2,,63.4
Israel,395,78.5,,87.2,83.7,,65.1
Israel,396,79.1,,86.7,83.9,,59.8
Israel,397,79.4,,85.4,86.3,,58.1
Israel,398,79.8,,83.1,86.9,,54.7
Israel,399,79.3,,79.1,86.8,,54.7
Israel,400,79.4,,79.0,87.1,,53.5
Israel,401,79.1,,84.4,84.0,,54.7
Israel,402,79.1,,82.9,80.6,,50.1
Israel,403,78.1,,78.5,76.7,,49.4
Israel,404,76.2,,77.0,72.0,,46.5
Israel,405,73.0,,75.0,72.4,,46.3
Israel,406,70.0,,71.8,72.4,,44.6
Israel,407,66.3,,71.5,70.4,,44.6
Israel,408,63.0,,75.5,68.8,,41.7
Israel,409,61.6,,73.8,65.4,,41.7
Israel,410,59.7,,71.6,63.4,,42.7
Israel,411,55.2,,70.6,61.5,,41.7
Israel,412,52.4,,67.8,57.6,,42.4
Israel,413,49.9,,63.2,52.9,,39.0
Israel,414,46.9,,62.8,51.3,,36.6
Israel,415,45.4,,66.9,52.2,,35.2
Israel,416,44.3,,63.2,52.0,,34.2
Israel,417,43.6,,61.6,53.1,,31.8
Israel,418,43.0,,59.9,54.4,,30.6
Israel,419,42.7,,57.4,54.3,,31.3
Israel,420,43.1,,56.4,54.5,,29.9
Israel,421,43.9,,57.5,54.6,,29.9
Israel,422,43.9,,60.9,53.4,,30.1
Israel,423,44.3,,59.5,54.2,,28.7
Israel,424,44.1,,57.9,53.7,,27.7
Israel,425,44.2,,56.5,53.3,,30.1
Israel,426,44.1,,56.0,56.0,,29.2
Israel,427,44.6,,52.1,54.4,,29.4
Israel,428,44.4,,51.4,53.0,,28.7
Israel,429,44.2,,55.5,50.7,,26.5
Israel,430,44.8,,54.1,48.3,,26.5
Israel,431,43.7,,51.9,46.2,,24.3
Israel,432,41.9,,50.4,45.3,,21.4
Israel,433,39.7,,49.3,41.3,,20.5
Israel,434,36.6,,46.5,42.2,,20.0
Israel,435,34.7,,46.9,39.6,,19.0
Israel,436,32.5,,49.5,39.5,,19.0
Israel,437,30.7,,46.2,36.9,,18.8
Israel,438,29.1,,44.2,36.8,,18.6
Israel,439,26.2,,42.6,35.1,,18.3
Israel,440,23.5,,41.9,34.0,,17.8
Israel,441,21.3,,39.2,31.4,,17.6
Israel,442,19.1,,38.8,29.0,,18.6
Israel,443,16.8,,40.6,27.2,,18.3
Israel,444,16.1,,37.2,27.0,,19.3
Israel,445,14.8,,34.5,25.8,,19.5
Israel,446,12.8,,35.1,24.3,,18.3
Israel,447,11.3,,33.7,22.3,,17.1
Israel,448,9.5,,30.2,20.2,,15.9
Israel,449,8.9,,28.4,19.0,,14.7
Israel,450,8.0,,28.5,17.3,,14.9
Israel,451,7.8,,30.1,15.6,,13.7
Israel,452,6.9,,27.7,13.0,,14.2
Israel,453,5.8,,25.8,11.6,,13.7
Israel,454,5.4,,24.6,11.7,,13.7
Israel,455,5.5,,22.8,11.0,,14.9
Israel,456,4.5,,22.7,10.7,,13.5
Israel,457,4.3,,23.1,10.0,,12.0
Israel,458,4.0,,21.9,9.4,,10.8
Israel,459,4.2,,21.8,8.9,,10.4
Israel,460,4.1,,20.9,9.6,,9.9
Israel,461,3.9,,19.6,9.1,,9.2
Israel,462,3.5,,18.4,9.0,,7.0
Israel,463,3.3,,18.2,9.0,,6.7
Israel,464,3.0,,18.2,9.1,,6.5
Israel,465,2.9,,17.3,7.9,,6.5
Israel,466,2.8,,15.9,7.2,,5.8
Israel,467,2.5,,15.0,6.1,,5.1
Israel,468,2.3,,13.9,5.7,,5.1
Israel,469,2.2,,13.9,5.5,,5.5
Israel,470,2.0,,13.7,5.3,,5.1
Israel,471,1.8,,14.2,4.5,,5.1
Israel,472,1.8,,13.3,4.9,,4.3
Israel,473,1.9,,12.1,5.0,,3.9
Israel,474,1.8,,11.5,5.0,,3.9
Israel,475,1.8,,11.1,4.6,,3.9
Israel,476,1.7,,10.2,3.9,,2.9
Israel,477,1.8,,10.0,4.0,,3.4
Israel,478,1.8,,10.5,3.9,,3.4
Israel,479,1.7,,9.8,3.5,,3.4
Israel,480,1.5,,9.2,3.4,,3.1
Israel,481,1.4,,8.8,3.2,,3.1
Israel,482,1.3,,8.3,3.4,,2.9
Israel,483,1.3,,7.8,3.3,,2.7
Israel,484,1.2,,7.8,2.7,,2.4
Israel,485,1.1,,8.1,2.7,,2.4
Israel,486,1.1,,7.8,2.7,,1.9
Israel,487,1.0,,7.6,2.5,,1.9
Israel,488,1.0,,7.5,2.2,,1.9
Israel,489,0.9,,6.7,2.1,,2.2
Israel,490,0.9,,6.8,1.9,,1.9
Israel,491,0.8,,6.7,1.4,,1.9
Israel,492,0.7,,6.8,1.4,,1.4
Israel,493,0.7,,6.3,1.1,,1.9
Israel,494,0.7,,6.1,1.0,,1.7
Israel,495,0.6,,5.9,1.1,,1.7
Israel,496,0.6,,5.6,0.9,,1.2
Israel,497,0.5,,5.4,1.2,,1.4
Israel,498,0.5,,5.3,1.2,,1.2
Israel,499,0.4,,5.3,1.1,,1.7
Israel,500,0.4,,5.1,1.3,,1.4
Israel,501,0.5,,5.3,1.6,,1.4
Israel,502,0.3,,5.2,1.4,,1.2
Israel,503,0.3,,5.3,1.3,,1.0
Israel,504,0.4,,5.0,1.1,,1.2
Israel,505,0.4,,4.7,1.2,,1.2
Israel,506,0.4,,4.7,1.0,,1.0
Israel,507,0.4,,4.6,0.8,,0.7
Israel,508,0.3,,4.7,0.6,,1.0
Israel,509,0.4,,4.5,0.7,,1.0
Israel,510,0.4,,4.2,0.6,,1.2
Israel,511,0.3,,4.1,0.5,,1.0
Israel,512,0.3,,3.8,0.4,,1.2
Israel,513,0.3,,4.0,0.7,,1.0
Israel,514,0.3,,3.8,0.8,,1.0
Israel,515,0.2,,4.0,0.7,,0.7
Israel,516,0.2,,3.6,0.7,,1.0
Israel,517,0.2,,3.5,0.8,,0.7
Israel,518,0.2,,3.4,0.9,,0.5
Israel,519,0.2,,3.4,0.8,,0.5
Israel,520,0.2,,3.6,0.7,,0.5
Israel,521,0.2,,3.2,0.6,,0.5
Israel,522,0.2,,3.1,0.6,,0.7
Israel,523,0.2,,3.1,0.5,,0.5
Israel,524,0.2,,3.1,0.4,,0.5
Israel,525,0.2,,3.0,0.2,,0.5
Israel,526,0.2,,3.0,0.3,,0.2
Israel,527,0.2,,3.2,0.2,,0.2
Israel,528,0.2,,3.0,0.2,,0.5
Israel,529,0.2,,2.8,0.2,,0.2
Israel,530,0.2,,2.8,0.2,,0.2
Israel,531,0.2,,2.8,0.2,,0.2
Israel,532,0.2,,2.7,0.3,,0.2
Israel,533,0.2,,2.7,0.3,,0.2
Israel,534,0.2,,2.9,0.5,,0.2
Israel,535,0.3,,2.9,0.5,,0.0
Israel,536,0.4,,3.0,0.4,,0.0
Israel,537,0.6,,3.0,0.5,,0.0
Israel,538,0.7,,3.0,0.6,,0.0
Israel,539,1.0,,2.7,0.5,,0.0
Israel,540,1.4,,2.9,0.5,,0.2
Israel,541,1.7,,3.3,0.3,,0.7
Israel,542,1.9,,3.1,0.7,,0.7
Israel,543,2.0,,3.4,0.8,,1.2
Israel,544,2.3,,3.2,0.9,,1.9
Israel,545,2.6,,3.4,1.2,,2.4
Israel,546,3.0,,3.5,1.4,,2.4
Israel,547,3.1,,3.8,1.9,,2.9
Israel,548,3.3,,4.1,2.5,,2.7
Israel,549,3.4,,4.5,2.8,,2.9
Israel,550,3.8,,5.0,3.3,,2.9
Israel,551,4.2,,5.1,3.5,,2.9
Israel,552,4.6,,5.3,3.6,,2.9
Israel,553,4.9,,5.1,4.3,,3.4
Israel,554,5.2,,5.2,4.5,,3.4
Israel,555,5.4,,5.7,4.4,,3.4
Israel,556,5.6,,6.3,4.5,,3.1
Israel,557,5.7,,6.5,4.8,,3.4
Israel,558,6.2,,6.9,4.9,,3.6
Israel,559,6.5,,7.7,5.8,,3.4
Israel,560,6.9,,7.7,6.2,,3.1
Israel,561,7.6,,7.9,6.5,,3.9
Israel,562,8.6,,8.8,7.0,,5.1
Israel,563,9.0,,9.1,7.3,,5.5
Israel,564,9.6,,10.1,7.8,,6.3
Israel,565,10.7,,10.3,9.0,,7.5
Israel,566,11.9,,11.1,9.0,,9.4
Israel,567,12.9,,11.4,9.5,,11.6
Israel,568,13.6,,11.5,11.9,,11.3
Israel,569,14.1,,13.4,14.7,,13.7
Israel,570,15.0,,14.8,15.7,,16.6
Israel,571,16.1,,16.5,17.1,,18.1
Israel,572,17.3,,17.3,18.8,,20.5
Israel,573,18.8,,18.1,20.7,,21.0
Israel,574,20.2,,18.0,21.3,,22.7
Israel,575,21.8,,19.9,21.7,,25.3
Israel,576,23.5,,23.0,22.4,,26.0
Israel,577,25.5,,23.7,24.4,,28.4
Israel,578,26.6,,25.3,27.0,,29.9
Israel,579,29.6,,25.7,28.1,,30.1
Israel,580,31.3,,28.0,31.6,,34.2
Israel,581,33.5,,28.9,36.5,,34.9
Israel,582,36.5,,30.7,39.1,,36.4
Israel,583,38.9,,34.4,41.2,,37.6
Israel,584,40.3,,35.3,43.6,,37.6
Israel,585,42.6,,37.3,45.8,,39.3
Israel,586,46.9,,39.7,50.0,,42.4
Israel,587,51.3,,41.1,50.5,,40.5
Israel,588,55.6,,41.4,52.2,,43.1
Israel,589,59.5,,43.6,53.1,,44.6
Israel,590,63.0,,48.6,55.0,,46.5
Israel,591,65.3,,47.4,57.5,,47.0
Israel,592,68.3,,49.4,57.1,,46.5
Israel,593,72.4,,50.7,56.6,,45.5
Israel,594,76.0,,50.6,57.9,,47.0
Israel,595,79.5,,50.9,58.1,,47.0
Israel,596,82.4,,52.3,60.5,,47.7
Israel,597,85.7,,57.3,60.7,,47.5
Israel,598,87.7,,56.5,60.8,,49.4
Israel,599,90.1,,55.6,61.8,,50.1
Israel,600,92.4,,54.9,62.0,,49.4
Israel,601,96.0,,54.0,60.6,,48.7
Israel,602,98.0,,54.0,61.3,,47.7
Israel,603,100.2,,54.3,60.5,,47.2
Israel,604,101.6,,59.5,59.9,,45.1
Israel,605,104.8,,57.8,58.8,,41.0
Israel,606,105.1,,55.5,57.7,,41.2
Israel,607,106.9,,56.8,56.0,,40.2
Israel,608,107.5,,55.2,55.2,,39.5
Israel,609,111.1,,53.9,52.2,,40.0
Israel,610,114.9,,54.8,48.1,,37.8
Israel,611,117.0,,56.3,47.0,,37.6
Israel,612,113.2,,53.5,44.5,,37.6
Israel,613,111.6,,50.9,43.6,,35.2
Israel,614,111.1,,53.4,44.4,,36.6
Israel,615,104.9,,57.6,44.3,,35.4
Israel,616,91.3,,53.7,44.8,,32.5
Israel,617,85.5,,53.9,46.5,,32.3
Israel,618,85.4,,59.7,46.6,,31.8
Israel,619,94.4,,56.2,47.7,,32.8
Israel,620,97.7,,56.3,46.8,,34.5
Israel,621,97.9,,52.3,45.5,,31.1
Israel,622,103.0,,49.7,48.5,,31.6
Israel,623,112.5,,56.4,48.4,,32.5
Israel,624,104.5,,55.8,49.2,,33.5
Israel,625,96.1,,59.5,49.8,,32.3
Israel,626,93.3,,53.9,50.7,,32.5
Israel,627,91.1,,51.4,52.7,,31.1
Israel,628,87.5,,54.7,52.2,,33.3
Israel,629,78.9,,51.9,48.7,,31.8
Israel,630,74.0,,49.0,47.6,,30.4
Israel,631,79.4,,47.0,45.6,,28.4
Israel,632,79.4,,51.0,43.1,,29.2
Israel,633,69.1,,48.0,40.2,,25.3
Israel,634,64.5,,46.1,38.0,,24.3
Israel,635,58.4,,48.3,36.7,,22.2
Israel,636,54.3,,45.3,34.6,,22.7
Israel,637,50.2,,42.9,32.0,,21.4
Israel,638,46.7,,41.9,29.9,,20.5
Israel,639,44.3,,43.1,27.7,,19.8
Israel,640,42.8,,40.4,26.5,,20.7
Israel,641,40.8,,36.9,24.3,,19.8
Israel,642,37.4,,34.9,23.6,,17.8
Israel,643,37.6,,33.5,22.8,,16.9
Israel,644,35.5,,32.0,21.9,,15.2
Israel,645,31.6,,31.7,21.6,,14.5
Israel,646,28.9,,32.9,20.8,,12.8
Israel,647,27.7,,31.1,19.9,,11.3
Israel,648,25.6,,29.7,19.2,,10.8
Israel,649,24.0,,28.9,18.0,,10.8
Israel,650,22.7,,27.7,16.9,,11.3
Israel,651,21.6,,26.0,16.3,,12.8
Israel,652,20.3,,25.6,15.0,,12.0
Israel,653,19.5,,26.6,14.7,,12.0
Israel,654,19.0,,24.6,13.6,,12.5
Israel,655,18.5,,23.3,12.6,,11.3
Israel,656,17.1,,22.6,11.7,,10.4
Israel,657,16.0,,21.9,10.7,,8.7
Israel,658,14.7,,21.0,9.3,,7.2
Israel,659,14.1,,20.4,8.8,,7.2
Israel,660,13.1,,20.4,7.5,,7.0
Israel,661,12.4,,18.8,7.4,,5.8
Israel,662,11.7,,17.2,7.8,,5.3
Israel,663,10.7,,16.5,6.8,,5.8
Israel,664,10.0,,15.8,6.7,,5.5
Israel,665,9.4,,15.1,7.2,,6.3
Israel,666,8.8,,14.9,7.2,,6.3
Israel,667,8.2,,15.6,7.4,,5.5
Israel,668,8.0,,14.8,6.5,,5.8
Israel,669,7.4,,14.1,5.3,,6.0
Israel,670,7.0,,13.2,5.2,,5.1
Israel,671,6.9,,12.6,5.0,,5.5
Israel,672,6.9,,11.9,4.0,,5.1
Israel,673,6.6,,11.9,3.5,,4.1
Israel,674,6.5,,11.9,3.2,,4.1
Israel,675,6.5,,11.7,3.4,,4.3
Israel,676,6.4,,11.6,3.8,,5.3
Israel,677,6.2,,11.0,3.8,,5.5
Israel,678,5.9,,10.9,3.7,,4.8
Israel,679,5.7,,10.5,4.0,,3.9
Israel,680,5.5,,10.7,3.9,,4.3
Israel,681,5.3,,11.2,3.8,,4.3
Israel,682,5.3,,10.4,3.7,,4.1
Israel,683,5.1,,10.2,3.5,,2.9
Israel,684,5.1,,10.1,3.1,,3.4
Israel,685,5.2,,10.5,3.4,,3.6
Israel,686,5.2,,9.9,3.6,,4.3
Israel,687,5.3,,9.6,3.6,,3.9
Israel,688,5.4,,10.1,3.6,,3.6
Israel,689,5.5,,10.2,3.4,,3.4
Israel,690,5.6,,10.1,3.6,,3.6
Israel,691,5.9,,10.0,4.1,,3.1
Israel,692,5.9,,9.7,4.1,,2.9
Israel,693,6.1,,9.6,4.1,,2.9
Israel,694,6.2,,9.6,3.9,,4.1
Israel,695,6.2,,9.8,3.9,,3.9
Israel,696,6.1,,9.8,3.6,,4.1
Israel,697,6.3,,10.3,3.5,,3.9
Israel,698,6.2,,9.9,3.1,,4.1
Israel,699,6.2,,9.7,2.8,,4.6
Israel,700,6.2,,9.7,2.7,,4.1
Israel,701,6.2,,9.8,3.0,,2.9
Israel,702,6.1,,10.3,2.9,,2.9
Israel,703,6.2,,10.4,3.0,,2.9
Israel,704,6.2,,10.3,2.9,,3.1
Israel,705,6.3,,10.1,3.5,,3.1
Israel,706,6.7,,10.3,3.4,,2.7
Israel,707,7.0,,10.3,3.0,,2.4
Israel,708,7.2,,10.8,3.1,,2.2
Israel,709,7.4,,11.1,3.0,,2.2
Israel,710,7.4,,10.7,2.8,,1.9
Israel,711,7.3,,11.0,2.7,,1.4
Israel,712,7.3,,11.0,2.3,,1.4
Israel,713,7.1,,11.3,2.3,,1.7
Israel,714,7.3,,11.6,2.6,,1.9
Israel,715,7.6,,11.8,2.8,,2.4
Israel,716,8.1,,12.4,3.2,,2.2
Israel,717,8.4,,12.9,3.6,,2.2
Israel,718,9.3,,12.8,4.0,,2.7
Israel,719,10.2,,13.4,4.5,,3.4
Israel,720,11.1,,14.2,5.2,,3.6
Israel,721,12.2,,14.8,5.7,,3.6
Israel,722,13.3,,15.2,5.5,,4.1
Israel,723,14.9,,16.6,5.8,,4.6
Israel,724,15.6,,17.2,6.4,,5.1
Israel,725,16.9,,18.4,6.3,,5.8
Israel,726,19.7,,19.6,6.1,,6.5
Israel,727,23.2,,21.3,6.1,,7.7
Israel,728,27.8,,22.9,6.7,,9.2
Israel,729,33.9,,24.1,7.2,,10.1
Israel,730,40.2,,26.7,7.8,,12.3
Israel,731,46.1,,29.6,9.3,,14.5
Israel,732,54.3,,33.5,10.8,,17.8
Israel,733,68.0,,37.0,13.0,,20.5
Israel,734,84.1,,40.0,14.8,,23.9
Israel,735,109.1,,42.6,17.2,,27.0
Israel,736,133.2,,47.6,20.6,,31.3
Israel,737,161.5,,56.0,24.9,,34.9
Israel,738,193.5,,61.5,25.5,,41.2
Israel,739,235.6,,65.2,30.8,,46.5
Israel,740,287.9,,71.6,35.4,,51.8
Israel,741,347.6,,76.9,40.7,,59.5
Israel,742,399.0,,80.4,47.7,,65.3
Israel,743,450.7,,86.5,53.3,,71.8
Israel,744,491.6,,96.9,58.5,,74.0
Israel,745,529.7,,100.3,66.2,,77.3
Israel,746,587.3,,107.1,71.4,,81.0
Israel,747,639.8,,109.3,78.4,,84.1
Israel,748,685.1,,116.2,83.9,,84.3
Israel,749,730.7,,116.4,87.9,,89.4
Israel,750,775.0,,119.7,91.8,,94.0
Israel,751,808.9,,132.5,97.1,,102.9
Israel,752,848.1,,135.5,101.9,,103.1
Israel,753,883.2,,139.4,105.3,,104.6
Israel,754,903.2,,137.8,104.0,,106.5
Israel,755,907.5,,135.8,104.6,,110.6
Israel,756,895.1,,133.0,107.9,,109.4
Israel,757,865.3,,135.0,113.4,,105.8
Israel,758,844.9,,148.2,113.7,,106.3
Israel,759,813.2,,149.8,114.3,,107.0
Israel,760,794.9,,144.7,115.0,,105.8
Israel,761,767.7,,144.4,119.3,,102.2
Israel,762,740.5,,143.2,120.5,,96.6
Israel,763,728.6,,138.4,117.3,,91.6
Israel,764,709.8,,137.6,114.0,,86.7
Israel,765,683.2,,147.8,112.0,,78.1
Israel,766,656.1,,141.6,109.0,,70.6
Israel,767,618.7,,139.1,106.1,,63.1
Israel,768,577.8,,128.4,99.1,,59.5
Israel,769,539.6,,123.3,92.0,,54.0
Israel,770,499.3,,113.6,86.1,,52.5
Israel,771,467.0,,112.3,82.7,,51.3
Israel,772,440.0,,116.8,76.1,,47.7
Israel,773,413.3,,112.3,71.4,,47.5
Israel,774,377.1,,105.3,66.0,,46.3
Israel,775,342.2,,100.3,62.6,,44.6
Israel,776,311.6,,98.1,60.7,,43.9
Israel,777,283.9,,88.7,58.7,,41.7
Israel,778,262.6,,86.8,52.2,,36.9
Israel,779,245.6,,89.3,48.9,,36.4
Israel,780,232.4,,85.4,45.0,,33.5
Israel,781,208.5,,78.7,42.8,,32.3
Israel,782,190.4,,74.3,40.3,,29.4
Israel,783,176.2,,70.8,38.0,,26.5
Israel,784,160.1,,67.7,35.7,,24.1
Israel,785,149.2,,65.8,32.9,,24.3
Israel,786,141.0,,68.0,33.6,,20.0
Israel,787,133.5,,64.6,32.6,,18.8
Israel,788,121.8,,60.2,29.0,,17.1
Israel,789,114.0,,58.2,26.6,,16.6
Israel,790,106.4,,55.0,25.5,,16.1
Israel,791,100.2,,51.5,23.9,,14.0
Israel,792,96.2,,51.0,23.2,,12.5
Israel,793,93.2,,51.8,20.7,,13.5
Israel,794,91.0,,47.9,19.6,,14.2
Israel,795,85.6,,46.5,19.1,,14.0
Israel,796,83.6,,46.4,17.8,,12.8
Israel,797,81.7,,45.1,17.6,,12.3
Israel,798,79.3,,43.1,16.2,,13.0
Israel,799,77.5,,40.8,15.0,,11.6
Israel,800,76.2,,41.7,13.7,,11.8
Israel,801,75.0,,40.9,13.0,,11.1
Israel,802,72.0,,39.1,12.7,,12.0
Israel,803,70.6,,39.6,13.4,,13.0
Israel,804,70.1,,38.0,12.7,,13.0
Israel,805,69.8,,36.9,13.1,,12.8
Israel,806,72.0,,39.1,14.5,,14.5
Israel,807,75.4,,41.6,14.5,,15.9
Israel,808,82.0,,41.5,15.0,,15.2
Israel,809,93.8,,42.7,15.6,,15.2
Israel,810,107.9,,42.3,15.5,,15.4
Israel,811,120.1,,41.4,15.2,,15.7
Israel,812,132.6,,38.6,15.0,,14.7
Israel,813,141.3,,40.9,15.0,,14.9
Israel,814,149.0,,43.5,15.3,,13.5
Israel,815,152.5,,43.5,15.2,,14.5
Israel,816,157.5,,43.5,16.2,,14.5
Israel,817,158.5,,43.1,17.1,,14.2
Israel,818,159.9,,42.9,17.8,,13.7
Israel,819,156.5,,40.3,17.4,,14.9
Israel,820,154.3,,40.0,16.1,,14.5
Israel,821,152.0,,42.0,17.8,,14.0
Israel,822,147.7,,42.5,18.4,,14.0
Israel,823,139.0,,41.1,17.4,,11.6
Israel,824,131.4,,39.7,17.7,,11.3
Israel,825,123.1,,39.5,17.8,,11.8
Israel,826,116.0,,37.6,18.4,,11.8
Israel,827,109.3,,37.6,19.0,,11.6
Israel,828,102.8,,39.1,17.1,,11.1
Israel,829,98.2,,36.1,16.1,,10.1
Israel,830,91.3,,34.9,15.7,,11.1
Israel,831,84.0,,31.8,14.3,,9.9
Israel,832,77.2,,30.3,12.8,,8.0
Israel,833,71.6,,27.9,12.2,,7.7
Israel,834,68.1,,29.1,11.9,,7.5
Israel,835,63.2,,30.6,12.6,,8.4
Israel,836,59.1,,30.9,12.3,,8.9
Israel,837,54.5,,30.7,11.7,,8.7
Israel,838,50.5,,30.2,11.7,,8.7
Israel,839,49.1,,29.7,11.9,,9.6
Israel,840,47.9,,28.2,11.7,,10.1
Israel,841,46.3,,30.4,11.6,,9.2
Israel,842,43.9,,32.1,11.1,,7.7
Israel,843,44.4,,30.4,11.2,,7.7
Israel,844,44.2,,29.1,11.9,,7.2
Israel,845,44.5,,28.0,11.4,,7.2
Israel,846,42.4,,27.2,12.0,,6.5
Israel,847,40.0,,25.0,11.5,,5.5
Israel,848,38.0,,25.8,11.1,,5.5
Israel,849,38.0,,26.6,10.1,,5.5
Israel,850,36.4,,25.0,9.5,,4.8
Israel,851,33.6,,24.3,8.5,,4.8
Israel,852,30.2,,22.5,8.7,,5.8
Israel,853,28.4,,21.4,7.7,,5.5
Israel,854,27.4,,21.4,7.4,,4.6
Israel,855,24.7,,21.3,7.2,,4.8
Israel,856,24.4,,22.5,6.8,,5.3
Israel,857,24.7,,21.9,6.3,,5.3
Israel,858,25.2,,21.2,6.3,,5.5
Israel,859,25.7,,20.6,6.0,,3.9
Israel,860,25.4,,19.2,5.9,,3.9
Israel,861,25.5,,17.8,5.9,,3.9
Israel,862,27.2,,18.6,5.4,,3.9
Israel,863,26.8,,19.0,5.3,,3.6
Israel,864,26.2,,18.8,5.6,,3.1
Israel,865,25.9,,18.7,5.0,,2.7
Israel,866,25.5,,18.2,4.6,,2.9
Israel,867,25.6,,17.2,4.4,,3.1
Israel,868,25.7,,16.9,4.6,,3.6
Israel,869,25.6,,17.4,5.3,,3.9
Israel,870,25.8,,18.4,5.4,,3.6
Israel,871,25.4,,18.5,5.2,,3.6
Israel,872,24.6,,18.9,6.0,,3.4
Israel,873,24.1,,19.5,5.9,,2.9
Israel,874,23.5,,19.4,5.8,,3.1
Israel,875,23.4,,18.3,4.9,,3.1
Israel,876,23.2,,19.1,4.9,,2.9
Israel,877,22.6,,20.4,4.9,,3.1
Israel,878,22.7,,20.7,5.4,,2.9
Israel,879,23.5,,21.0,5.3,,3.1
Israel,880,24.6,,21.0,5.2,,3.9
Israel,881,25.5,,20.9,4.9,,3.6
Israel,882,26.1,,19.1,5.9,,2.9
Israel,883,26.8,,20.1,5.7,,2.7
Israel,884,27.8,,22.0,6.8,,2.9
Israel,885,28.2,,24.0,6.3,,3.9
Israel,886,27.6,,24.5,5.8,,4.3
Israel,887,29.1,,25.0,6.3,,4.6
Israel,888,33.0,,25.7,8.0,,4.6
Israel,889,37.3,,25.7,8.0,,5.8
Israel,890,43.6,,28.0,8.4,,6.5
Israel,891,47.5,,30.7,8.7,,8.2
Israel,892,50.5,,32.3,10.2,,9.6
Israel,893,57.0,,33.9,12.0,,11.8
Israel,894,63.4,,35.5,13.6,,12.8
Israel,895,68.5,,37.1,13.9,,15.2
Israel,896,71.5,,37.9,15.5,,16.4
Israel,897,74.4,,40.1,17.8,,18.6
Israel,898,78.5,,44.8,19.0,,19.3
Israel,899,81.3,,45.2,21.6,,21.4
Israel,900,88.9,,48.5,22.8,,21.4
Israel,901,94.5,,51.4,24.5,,22.2
Israel,902,100.0,,53.6,25.7,,22.2
Israel,903,105.1,,55.3,29.8,,23.1
Israel,904,109.6,,57.5,31.5,,23.4
Israel,905,113.9,,63.7,34.3,,22.9
Israel,906,116.3,,63.3,35.0,,21.7
Israel,907,118.4,,64.3,35.8,,23.1
Israel,908,122.0,,67.6,36.4,,24.1
Israel,909,124.1,,67.0,40.2,,24.6
Israel,910,126.7,,65.0,37.6,,24.6
Israel,911,126.6,,66.1,40.2,,24.3
Israel,912,126.3,,71.6,39.4,,26.7
Israel,913,127.3,,72.4,39.0,,26.3
Israel,914,128.6,,73.4,40.7,,24.8
Israel,915,130.3,,72.6,40.9,,23.1
Israel,916,130.2,,73.1,38.9,,22.9
Israel,917,129.1,,68.9,41.3,,24.1
Israel,918,128.8,,71.3,39.9,,24.1
Israel,919,128.3,,77.1,40.8,,23.6
Israel,920,126.2,,73.5,42.0,,23.4
Israel,921,123.2,,74.7,42.1,,23.9
Israel,922,119.4,,74.0,43.5,,25.3
Israel,923,115.3,,71.8,42.5,,25.3
Israel,924,111.5,,69.8,40.7,,23.1
Israel,925,108.1,,71.6,39.7,,23.1
Israel,926,105.5,,77.4,38.6,,21.7
Israel,927,103.2,,73.3,36.7,,21.0
Israel,928,98.9,,70.5,34.6,,19.8
Israel,929,93.8,,68.2,32.1,,20.0
Israel,930,89.3,,64.7,32.3,,21.2
Israel,931,85.7,,61.2,32.1,,20.7
Israel,932,81.4,,60.5,31.3,,19.5
Israel,933,77.2,,64.8,30.6,,17.8
Israel,934,74.6,,63.7,30.3,,16.9
Israel,935,70.6,,61.4,29.2,,16.9
Israel,936,65.3,,58.0,27.9,,16.1
Israel,937,62.7,,56.0,27.9,,13.3
Israel,938,59.6,,52.3,26.6,,14.2
Israel,939,57.1,,53.4,25.9,,14.0
Israel,940,54.0,,56.3,24.6,,14.0
Israel,941,52.6,,54.4,23.8,,14.0
Israel,942,49.3,,52.8,23.5,,12.5
Israel,943,47.0,,46.6,23.0,,10.6
Israel,944,43.7,,43.6,23.2,,9.9
Israel,945,41.3,,41.9,22.8,,10.4
Israel,946,39.1,,42.1,21.6,,10.8
Israel,947,37.5,,44.2,21.3,,9.9
Israel,948,36.1,,42.5,20.8,,10.6
Israel,949,33.7,,40.4,20.7,,10.4
Israel,950,30.8,,39.9,20.4,,11.6
Israel,951,28.6,,37.8,18.1,,12.5
Israel,952,26.9,,35.8,16.1,,10.8
Israel,953,24.9,,35.2,16.1,,9.9
Israel,954,23.3,,36.2,15.1,,10.4
Israel,955,22.6,,33.8,13.9,,9.9
Israel,956,21.2,,32.2,12.8,,9.9
Israel,957,20.0,,31.1,12.5,,8.7
Israel,958,18.6,,29.6,11.7,,8.4
Israel,959,17.5,,28.0,11.7,,8.0
Israel,960,16.9,,27.6,10.8,,7.0
Israel,961,16.4,,28.7,10.2,,6.0
Israel,962,15.8,,26.8,10.0,,7.0
Israel,963,15.1,,25.7,9.4,,6.3
Israel,964,14.2,,24.3,8.4,,5.8
Israel,965,13.5,,22.7,7.8,,5.1
Israel,966,13.1,,21.6,7.1,,5.3
Israel,967,12.3,,22.8,6.0,,5.1
Israel,968,11.8,,24.4,5.4,,5.3
Israel,969,11.9,,23.1,4.6,,3.1
Israel,970,11.6,,21.0,4.5,,3.9
Israel,971,11.2,,20.4,4.8,,3.9
Israel,972,10.9,,19.4,4.7,,3.4
Israel,973,10.5,,18.0,5.3,,2.9
Israel,974,10.5,,18.6,5.6,,3.6
Israel,975,10.4,,19.7,5.6,,4.1
Israel,976,10.3,,18.6,5.8,,4.1
Israel,977,10.1,,17.7,5.5,,3.6
Israel,978,10.0,,17.6,5.0,,3.4
Israel,979,10.0,,17.1,5.2,,3.6
Israel,980,10.2,,16.1,4.6,,2.9
Israel,981,10.3,,16.6,4.2,,2.2
Israel,982,10.3,,17.5,4.6,,1.4
Israel,983,10.4,,17.5,4.9,,2.4
Israel,984,10.8,,17.1,5.1,,2.2
Israel,985,11.4,,17.1,5.2,,2.9
Israel,986,11.9,,16.1,4.8,,3.1
Israel,987,12.2,,15.6,4.6,,3.6
Israel,988,12.5,,16.2,4.7,,3.6
Israel,989,12.9,,17.1,4.4,,3.6
Israel,990,13.1,,16.6,4.6,,2.9
Israel,991,13.5,,16.1,4.6,,3.1
Israel,992,13.4,,16.4,4.7,,2.9
Israel,993,13.4,,16.5,4.9,,2.4
Israel,994,13.6,,15.8,4.7,,1.7
Israel,995,13.2,,16.1,4.6,,3.1
Israel,996,13.2,,16.6,5.1,,3.6
Israel,997,13.0,,15.3,4.5,,3.6
Israel,998,12.2,,15.9,4.6,,4.1
Israel,999,10.7,,17.7,4.7,,3.9
Israel,1000,9.7,,17.1,4.5,,4.6
Israel,1001,9.7,,16.3,4.6,,4.8
Israel,1002,10.7,,16.6,5.4,,3.9
Israel,1003,10.7,,18.0,4.9,,3.9
Israel,1004,10.5,,17.4,4.9,,4.1
Israel,1005,10.6,,16.7,4.6,,4.1
Israel,1006,11.8,,16.1,4.5,,3.9
Israel,1007,11.8,,17.3,5.2,,3.4
Israel,1008,9.9,,16.8,5.1,,3.9
Israel,1009,8.8,,17.3,4.6,,4.1
Israel,1010,8.5,,17.9,4.7,,4.1
Israel,1011,8.5,,17.0,5.0,,3.9
Israel,1012,8.0,,17.7,5.2,,4.3
Israel,1013,6.4,,16.7,5.8,,4.6
Israel,1014,6.8,,16.2,5.0,,4.8
Israel,1015,8.0,,15.6,5.0,,4.3
Israel,1016,7.9,,16.1,4.7,,4.1
Israel,1017,7.5,,16.7,5.5,,4.6
Israel,1018,7.4,,16.1,5.3,,4.6
Israel,1019,7.3,,17.9,6.0,,3.9
Israel,1020,7.5,,17.2,5.5,,4.1
Israel,1021,7.5,,16.6,5.8,,3.6
Israel,1022,7.6,,15.7,6.5,,4.1
Israel,1023,7.6,,16.3,6.4,,3.9
Israel,1024,7.8,,16.7,5.6,,3.4
Israel,1025,7.9,,16.0,5.3,,3.9
Israel,1026,8.3,,16.3,4.3,,3.6
Israel,1027,9.2,,16.3,4.6,,3.6
Israel,1028,9.3,,16.4,4.3,,3.6
Israel,1029,9.2,,16.6,4.4,,3.9
Israel,1030,9.5,,17.7,4.8,,4.1
Israel,1031,9.3,,19.0,5.2,,3.6
Israel,1032,9.5,,18.0,5.6,,3.6
Israel,1033,9.7,,17.5,6.4,,3.9
Israel,1034,10.3,,18.6,6.2,,4.3
Israel,1035,9.8,,18.4,6.8,,5.1
Israel,1036,10.0,,16.9,6.3,,5.3
Israel,1037,10.2,,18.3,6.8,,5.3
Israel,1038,10.6,,19.9,7.3,,6.0
Israel,1039,10.9,,20.3,7.4,,6.0
Israel,1040,10.8,,19.6,7.1,,5.5
Israel,1041,10.9,,19.8,7.6,,4.8
Israel,1042,11.9,,21.3,7.7,,4.8
Israel,1043,12.2,,20.5,8.5,,4.3
Israel,1044,12.3,,21.2,8.6,,4.3
Israel,1045,12.4,,22.9,8.5,,5.8
Israel,1046,12.3,,22.9,8.8,,5.8
Israel,1047,12.8,,22.9,8.3,,5.8
Israel,1048,13.3,,23.4,8.0,,6.0
Israel,1049,13.8,,23.4,8.3,,8.2
Israel,1050,14.0,,22.9,7.9,,9.4
Israel,1051,14.6,,24.3,7.7,,9.6
Israel,1052,15.0,,27.0,8.1,,8.2
Israel,1053,15.1,,26.0,8.4,,8.4
Israel,1054,15.5,,26.3,9.2,,9.4
Israel,1055,15.9,,26.6,9.7,,10.6
Israel,1056,16.3,,26.5,9.9,,8.0
Israel,1057,16.7,,26.3,10.9,,7.0
Israel,1058,17.1,,27.8,11.2,,7.2
Israel,1059,17.3,,29.0,11.3,,8.9
Israel,1060,17.5,,29.3,11.2,,10.1
Israel,1061,17.8,,29.3,11.7,,10.6
Israel,1062,18.2,,29.0,11.4,,10.8
Israel,1063,18.5,,29.2,11.2,,12.0
Israel,1064,18.8,,27.4,10.5,,12.3
Israel,1065,19.1,,29.1,11.7,,13.0
Israel,1066,19.2,,32.3,11.3,,11.8
Israel,1067,19.3,,30.9,11.7,,10.6
Israel,1068,19.3,,30.7,11.9,,10.1
Israel,1069,19.3,,31.0,12.8,,9.9
Israel,1070,18.9,,31.3,12.6,,9.4
Israel,1071,19.0,,30.2,13.4,,10.1
Israel,1072,18.8,,30.7,12.7,,10.6
Israel,1073,18.7,,32.3,13.0,,10.1
Israel,1074,18.8,,29.3,13.5,,10.1
Israel,1075,18.5,,29.9,14.0,,9.9
Israel,1076,18.4,,30.8,14.1,,9.6
Israel,1077,18.6,,28.7,14.6,,9.4
Israel,1078,18.2,,28.7,13.9,,9.9
Israel,1079,18.0,,29.8,13.8,,9.2
Israel,1080,17.9,,32.1,15.1,,9.6
Israel,1081,17.7,,30.4,14.4,,9.9
Israel,1082,17.4,,30.4,13.4,,9.9
Israel,1083,17.0,,30.3,12.9,,9.4
Israel,1084,16.3,,30.5,12.8,,10.1
Israel,1085,16.0,,30.4,12.6,,9.4
Israel,1086,15.5,,30.4,13.5,,8.7
Israel,1087,14.9,,32.6,12.2,,8.9
Israel,1088,14.7,,30.8,12.7,,9.6
Israel,1089,14.4,,29.1,12.5,,10.8
Israel,1090,14.0,,29.3,11.6,,9.9
Israel,1091,13.8,,28.4,12.1,,8.7
Israel,1092,13.5,,27.0,11.7,,8.7
Israel,1093,13.2,,26.9,11.5,,8.7
Israel,1094,12.8,,29.5,11.0,,8.4
Israel,1095,12.6,,27.0,10.1,,7.5
Israel,1096,12.3,,25.8,9.6,,5.8
Israel,1097,11.9,,26.3,10.2,,6.5
Israel,1098,11.6,,26.4,9.8,,7.0
Israel,1099,11.5,,25.1,9.9,,6.5
Israel,1100,11.2,,25.2,8.8,,7.7
Israel,1101,11.3,,27.1,9.0,,7.2
Israel,1102,11.4,,26.8,9.0,,7.5
Israel,1103,11.3,,26.4,8.8,,8.7
Israel,1104,10.9,,26.4,8.1,,8.4
Israel,1105,10.7,,24.6,7.4,,8.4
Israel,1106,10.4,,23.4,7.1,,8.2
Israel,1107,10.0,,24.1,7.4,,6.7
Israel,1108,9.5,,26.0,7.1,,7.0
Israel,1109,9.1,,25.4,6.5,,7.2
Israel,1110,8.9,,24.3,6.4,,6.3
Israel,1111,8.6,,23.6,6.5,,6.0
Israel,1112,8.4,,23.0,6.3,,6.0
Israel,1113,8.1,,21.6,7.0,,5.5
Israel,1114,8.0,,21.7,6.7,,5.5
Israel,1115,7.9,,24.2,7.4,,6.3
Israel,1116,7.8,,22.8,8.0,,5.8
Israel,1117,7.6,,23.1,8.7,,6.3
Israel,1118,7.6,,23.7,8.7,,6.5
Israel,1119,7.5,,22.5,9.4,,5.8
Israel,1120,7.3,,21.2,9.4,,6.3
Israel,1121,7.3,,21.4,9.7,,6.5
Israel,1122,7.2,,22.6,10.0,,5.1
Israel,1123,7.1,,22.2,10.4,,4.6
Israel,1124,6.9,,21.4,10.1,,4.6
Israel,1125,6.7,,20.5,10.3,,4.1
Israel,1126,6.5,,19.8,10.2,,4.8
Israel,1127,6.4,,19.1,9.6,,4.1
Israel,1128,6.1,,20.0,9.3,,3.9
Israel,1129,6.0,,21.0,8.5,,4.3
Israel,1130,5.9,,20.1,7.7,,4.6
Israel,1131,5.7,,19.9,6.9,,5.1
Israel,1132,5.5,,19.4,6.6,,4.8
Israel,1133,5.3,,18.3,6.3,,5.3
Israel,1134,5.2,,17.7,6.4,,5.8
Israel,1135,5.0,,18.7,6.2,,6.7
Israel,1136,5.0,,19.8,6.1,,6.5
Israel,1137,4.9,,18.5,6.5,,6.5
Israel,1138,4.9,,18.8,7.0,,6.3
Israel,1139,4.9,,19.1,7.3,,7.0
Israel,1140,4.9,,19.2,7.4,,6.3
Israel,1141,4.9,,17.8,7.1,,7.0
Israel,1142,5.2,,19.0,7.1,,6.7
Israel,1143,5.2,,20.9,6.6,,7.0
Israel,1144,5.3,,21.1,6.7,,7.2
Israel,1145,5.4,,20.9,6.8,,6.0
Israel,1146,5.5,,21.0,7.1,,7.2
Israel,1147,5.6,,20.5,6.8,,6.7
Israel,1148,5.9,,20.0,6.8,,6.7
Israel,1149,5.9,,21.2,6.3,,6.0
Israel,1150,6.1,,23.1,7.8,,5.3
Israel,1151,6.1,,22.8,7.5,,4.8
Israel,1152,6.3,,22.6,7.7,,5.5
Israel,1153,6.2,,22.0,7.9,,3.6
Israel,1154,6.4,,22.1,7.7,,5.1
Israel,1155,6.4,,21.5,7.8,,5.1
Israel,1156,6.3,,22.5,8.2,,6.5
Israel,1157,6.3,,23.7,7.3,,6.5
Israel,1158,6.3,,23.1,7.1,,7.2
Israel,1159,6.0,,23.0,6.7,,7.7
Israel,1160,6.0,,23.1,6.5,,8.4
Israel,1161,5.7,,22.5,6.9,,8.0
Israel,1162,5.7,,21.8,7.9,,7.0
Israel,1163,6.0,,21.9,7.9,,6.3
Israel,1164,5.9,,23.9,8.0,,6.7
Israel,1165,5.9,,23.1,7.9,,6.0
Israel,1166,6.2,,23.5,7.9,,5.3
Israel,1167,6.1,,22.6,7.6,,6.5
Israel,1168,6.4,,21.9,7.7,,5.8
Israel,1169,6.6,,21.0,7.1,,6.7
Israel,1170,6.4,,21.6,7.4,,6.0
Israel,1171,6.5,,22.7,7.4,,5.5
Israel,1172,6.6,,22.2,7.2,,5.8
Israel,1173,6.3,,21.7,7.0,,5.8
Israel,1174,6.2,,20.7,7.1,,4.1
Israel,1175,6.1,,19.5,6.4,,4.1
Israel,1176,5.8,,19.7,6.0,,2.9
Israel,1177,5.6,,20.3,5.4,,3.1
Israel,1178,5.5,,20.4,4.5,,3.6
Israel,1179,5.5,,20.9,4.9,,3.1
Israel,1180,5.5,,20.1,5.5,,3.9
Israel,1181,5.4,,19.5,5.4,,4.1
Israel,1182,5.1,,19.4,6.2,,5.5
Israel,1183,5.0,,18.6,5.7,,5.5
Israel,1184,4.8,,19.7,5.7,,4.8
Israel,1185,4.9,,20.9,5.6,,5.8
Israel,1186,4.8,,20.1,5.0,,6.3
Israel,1187,4.5,,19.5,5.4,,5.5
Israel,1188,4.3,,18.5,5.7,,6.0
Israel,1189,4.3,,18.4,5.2,,5.5
Israel,1190,4.0,,19.5,6.3,,6.0
Israel,1191,3.7,,20.9,5.9,,6.7
Israel,1192,3.4,,22.2,6.7,,5.8
Israel,1193,3.4,,20.8,6.8,,6.0
Israel,1194,3.4,,20.4,6.6,,6.0
Israel,1195,3.3,,19.4,5.9,,6.5
Israel,1196,3.1,,19.6,6.1,,5.5
Israel,1197,2.8,,19.3,5.2,,4.8
Israel,1198,3.0,,19.4,5.7,,4.8
Israel,1199,3.1,,20.5,5.3,,4.3
Israel,1200,3.2,,20.3,5.8,,3.4
Israel,1201,3.2,,18.3,5.3,,3.9
Israel,1202,3.3,,17.8,5.7,,2.7
Israel,1203,3.5,,17.8,5.2,,2.4
Israel,1204,3.7,,16.6,5.2,,2.9
Israel,1205,3.7,,16.1,5.1,,2.2
Israel,1206,3.6,,16.2,5.1,,1.9
Israel,1207,3.4,,15.3,4.4,,1.9
Israel,1208,3.2,,14.2,3.8,,1.0
Israel,1209,2.9,,13.6,3.7,,
Israel,1210,2.6,,14.3,4.0,,
Israel,1211,2.4,,12.7,4.3,,
Israel,1212,2.2,,13.1,3.8,,
Israel,1213,2.2,,14.1,3.5,,
Israel,1214,2.3,,13.0,3.5,,
Israel,1215,2.3,,12.2,3.6,,
Israel,1216,2.4,,11.8,3.3,,
Israel,1217,2.5,,11.5,2.9,,
Israel,1218,2.7,,10.8,,,
Israel,1219,2.7,,10.5,,,
Israel,1220,2.6,,,,,
Israel,1221,2.6,,,,,
Germany,274,9.4,8.1,,,12.7,2.7
Germany,275,10.1,9.2,,,13.3,3.1
Germany,276,10.7,10.3,,,14.8,3.4
Germany,277,11.2,11.3,,,15.3,3.8
Germany,278,12.0,11.9,,,16.4,4.3
Germany,279,12.9,12.3,,,17.9,4.6
Germany,280,14.0,13.2,,,19.5,4.9
Germany,281,15.1,13.6,,,20.8,5.5
Germany,282,16.3,14.4,,,22.5,5.7
Germany,283,17.3,15.4,,,23.6,6.5
Germany,284,18.2,16.6,,,25.5,7.0
Germany,285,19.6,17.2,,,27.2,7.4
Germany,286,21.1,18.0,,,29.4,8.1
Germany,287,23.0,19.3,,,31.9,8.9
Germany,288,24.9,21.4,,,33.7,10.2
Germany,289,27.0,23.7,,,35.8,11.8
Germany,290,28.6,26.0,,,38.9,13.8
Germany,291,30.4,28.3,,,41.3,15.6
Germany,292,33.0,30.4,,,44.2,16.6
Germany,293,36.1,31.8,,,46.1,17.8
Germany,294,39.7,34.3,,,47.8,19.6
Germany,295,43.2,37.0,,,49.3,21.0
Germany,296,46.8,39.1,,,50.4,22.4
Germany,297,49.9,41.0,,,52.2,22.8
Germany,298,52.5,43.3,,,53.1,23.6
Germany,299,55.8,44.5,,,54.2,24.4
Germany,300,58.6,45.8,,,55.3,25.4
Germany,301,61.3,47.7,,,57.2,27.0
Germany,302,63.4,49.5,,,57.7,27.9
Germany,303,65.4,50.6,,,58.8,28.2
Germany,304,66.2,52.0,,,59.6,28.9
Germany,305,67.5,52.5,,,61.0,29.2
Germany,306,69.2,52.7,,,61.8,29.5
Germany,307,70.4,52.9,,,62.4,29.3
Germany,308,70.8,52.9,,,62.7,29.8
Germany,309,71.6,52.9,,,63.0,31.0
Germany,310,72.0,53.9,,,64.4,32.9
Germany,311,72.8,55.5,,,64.9,34.9
Germany,312,72.1,56.8,,,65.4,37.5
Germany,313,71.7,58.3,,,65.6,39.2
Germany,314,71.7,58.2,,,66.4,40.4
Germany,315,72.3,59.3,,,66.9,41.6
Germany,316,72.9,61.7,,,67.5,43.2
Germany,317,73.5,62.0,,,67.7,44.9
Germany,318,73.5,62.4,,,68.1,46.4
Germany,319,73.4,62.9,,,68.1,47.2
Germany,320,73.3,62.2,,,68.7,47.3
Germany,321,73.4,62.5,,,69.1,47.6
Germany,322,73.6,63.2,,,69.6,48.4
Germany,323,73.7,62.5,,,70.3,48.7
Germany,324,73.6,63.7,,,71.3,49.7
Germany,325,72.8,63.6,,,72.6,50.5
Germany,326,72.4,63.4,,,73.9,52.0
Germany,327,71.9,64.2,,,74.3,53.7
Germany,328,71.2,64.2,,,75.3,54.4
Germany,329,70.6,64.0,,,76.9,55.9
Germany,330,70.1,65.0,,,78.0,58.5
Germany,331,69.5,65.6,,,79.0,60.7
Germany,332,70.2,67.8,,,81.1,64.0
Germany,333,70.3,69.4,,,82.2,66.6
Germany,334,70.5,69.7,,,83.9,67.9
Germany,335,71.5,70.6,,,84.3,69.8
Germany,336,72.5,72.6,,,85.1,72.5
Germany,337,74.6,75.1,,,85.8,75.4
Germany,338,76.6,77.7,,,87.3,76.9
Germany,339,78.1,80.3,,,89.7,80.5
Germany,340,80.1,82.6,,,90.6,83.0
Germany,341,82.7,85.2,,,91.0,86.6
Germany,342,85.3,86.5,,,92.8,88.3
Germany,343,87.8,88.3,,,93.4,90.6
Germany,344,90.1,90.5,,,96.1,93.0
Germany,345,92.2,92.5,,,96.5,96.3
Germany,346,94.4,93.5,,,97.2,96.7
Germany,347,95.4,95.7,,,98.1,97.4
Germany,348,96.8,96.1,,,98.0,96.9
Germany,349,97.8,96.6,,,97.9,98.1
Germany,350,99.2,97.1,,,97.3,98.7
Germany,351,99.6,98.8,,,99.4,98.9
Germany,352,100.0,100.0,,,100.0,100.0
Germany,353,99.4,93.6,,,99.7,95.2
Germany,354,99.6,85.3,,,98.4,89.3
Germany,355,98.2,83.8,,,96.7,87.8
Germany,356,97.3,84.9,,,95.3,86.1
Germany,357,96.4,85.2,,,95.2,85.8
Germany,358,91.6,86.6,,,94.0,86.5
Germany,359,84.5,85.7,,,92.3,86.3
Germany,360,81.1,86.4,,,91.8,85.4
Germany,361,79.6,85.4,,,90.8,84.0
Germany,362,78.4,85.0,,,90.0,83.1
Germany,363,77.3,84.4,,,89.0,82.7
Germany,364,75.4,83.1,,,88.1,80.0
Germany,365,74.1,80.3,,,87.1,77.8
Germany,366,73.4,77.8,,,86.3,74.0
Germany,367,73.0,81.8,,,86.9,76.4
Germany,368,72.7,88.9,,,85.9,81.2
Germany,369,72.0,88.8,,,83.9,80.5
Germany,370,71.7,86.2,,,83.1,80.0
Germany,371,70.4,84.3,,,82.8,77.9
Germany,372,72.1,82.1,,,80.8,76.4
Germany,373,76.1,81.3,,,80.3,76.4
Germany,374,76.4,79.6,,,80.2,75.6
Germany,375,74.9,77.7,,,79.3,74.4
Germany,376,73.2,76.9,,,78.1,73.8
Germany,377,71.1,76.7,,,77.0,72.8
Germany,378,69.9,75.1,,,76.0,72.3
Germany,379,68.1,73.7,,,75.5,70.8
Germany,380,65.8,73.1,,,75.4,68.5
Germany,381,64.8,71.4,,,75.0,65.9
Germany,382,63.8,69.8,,,74.0,63.5
Germany,383,62.3,69.5,,,73.3,62.0
Germany,384,60.8,68.3,,,72.5,59.8
Germany,385,59.0,67.4,,,70.7,57.5
Germany,386,57.4,65.1,,,68.8,54.0
Germany,387,55.7,63.7,,,68.3,50.8
Germany,388,54.5,62.0,,,68.7,47.9
Germany,389,53.3,60.4,,,66.8,45.2
Germany,390,51.5,58.5,,,64.9,43.9
Germany,391,50.0,57.9,,,63.8,42.5
Germany,392,48.1,56.6,,,61.6,41.0
Germany,393,46.5,55.3,,,60.5,39.1
Germany,394,45.3,53.1,,,59.4,37.9
Germany,395,44.4,52.5,,,59.6,36.7
Germany,396,43.7,51.0,,,58.2,35.0
Germany,397,42.7,50.5,,,56.4,33.6
Germany,398,41.1,49.8,,,55.2,32.9
Germany,399,40.1,48.2,,,54.2,31.3
Germany,400,39.0,45.9,,,53.5,29.9
Germany,401,37.6,44.5,,,53.0,27.8
Germany,402,36.5,42.2,,,53.1,26.4
Germany,403,35.6,41.2,,,52.7,25.3
Germany,404,34.4,39.9,,,51.3,24.6
Germany,405,33.1,40.1,,,50.3,24.2
Germany,406,31.8,39.7,,,49.4,24.0
Germany,407,30.9,39.8,,,49.1,23.5
Germany,408,30.3,39.1,,,49.3,23.4
Germany,409,29.5,39.3,,,49.8,22.8
Germany,410,29.8,38.8,,,49.6,22.6
Germany,411,29.9,39.7,,,49.0,22.4
Germany,412,30.1,39.3,,,48.8,22.3
Germany,413,30.2,39.2,,,48.0,22.0
Germany,414,30.6,38.7,,,47.8,21.1
Germany,415,30.9,38.6,,,48.4,20.1
Germany,416,31.7,38.0,,,49.7,19.3
Germany,417,31.8,37.9,,,48.3,18.6
Germany,418,31.9,37.5,,,47.5,18.3
Germany,419,32.2,37.1,,,47.9,18.0
Germany,420,32.4,36.7,,,47.8,17.5
Germany,421,32.5,36.4,,,47.2,16.9
Germany,422,32.7,35.6,,,48.1,16.2
Germany,423,32.7,34.8,,,49.2,15.8
Germany,424,32.9,34.3,,,49.5,15.8
Germany,425,33.3,34.1,,,49.6,15.8
Germany,426,33.6,34.0,,,50.3,15.9
Germany,427,34.1,33.5,,,51.2,15.8
Germany,428,34.5,33.7,,,51.3,15.7
Germany,429,35.0,34.0,,,53.0,16.1
Germany,430,35.5,35.3,,,54.7,16.8
Germany,431,36.0,36.0,,,55.0,17.0
Germany,432,36.8,36.8,,,55.7,17.0
Germany,433,37.9,37.7,,,56.6,17.3
Germany,434,39.5,38.8,,,57.9,17.4
Germany,435,41.2,39.9,,,58.8,18.0
Germany,436,43.0,41.1,,,60.0,18.3
Germany,437,44.7,41.8,,,62.0,18.6
Germany,438,46.1,43.2,,,62.5,19.2
Germany,439,47.8,43.4,,,63.9,19.5
Germany,440,49.9,44.1,,,64.7,19.9
Germany,441,52.0,45.0,,,66.8,20.0
Germany,442,53.7,46.2,,,68.0,21.1
Germany,443,55.2,48.2,,,70.5,21.8
Germany,444,56.7,49.7,,,72.3,22.4
Germany,445,57.8,51.0,,,75.6,22.8
Germany,446,59.4,52.2,,,77.1,23.3
Germany,447,61.3,52.7,,,77.7,23.4
Germany,448,63.2,53.8,,,78.4,24.3
Germany,449,65.4,54.5,,,78.7,24.0
Germany,450,67.2,55.2,,,79.6,24.0
Germany,451,68.2,55.4,,,80.9,24.2
Germany,452,68.3,53.6,,,81.4,23.6
Germany,453,68.6,53.0,,,81.2,23.9
Germany,454,68.4,53.2,,,81.3,23.9
Germany,455,68.2,51.4,,,82.3,23.0
Germany,456,68.4,50.1,,,83.1,23.2
Germany,457,66.8,51.8,,,84.1,23.1
Germany,458,65.4,53.4,,,85.6,23.1
Germany,459,65.7,56.5,,,86.2,23.5
Germany,460,64.1,57.7,,,86.6,23.9
Germany,461,63.3,58.3,,,87.7,23.5
Germany,462,64.1,60.8,,,87.7,24.3
Germany,463,65.4,63.1,,,87.2,24.0
Germany,464,68.2,61.9,,,87.7,24.1
Germany,465,71.2,60.9,,,88.9,23.6
Germany,466,72.2,60.3,,,87.9,23.9
Germany,467,75.5,60.3,,,87.6,23.5
Germany,468,78.6,60.2,,,87.4,24.0
Germany,469,80.2,60.8,,,87.2,23.8
Germany,470,80.0,61.3,,,86.9,24.3
Germany,471,80.7,61.1,,,87.3,24.3
Germany,472,80.8,61.6,,,86.9,24.3
Germany,473,81.5,61.8,,,86.0,24.0
Germany,474,82.0,61.7,,,84.0,23.9
Germany,475,83.0,61.2,,,82.7,23.1
Germany,476,83.4,60.0,,,81.1,22.6
Germany,477,83.7,58.0,,,80.0,21.2
Germany,478,83.3,56.6,,,79.6,20.8
Germany,479,82.9,54.7,,,79.5,19.7
Germany,480,81.8,53.0,,,77.4,19.0
Germany,481,80.5,52.3,,,75.9,18.2
Germany,482,78.2,51.8,,,73.9,18.1
Germany,483,76.2,50.6,,,72.5,17.4
Germany,484,73.8,49.0,,,71.0,17.3
Germany,485,71.6,47.7,,,70.6,16.2
Germany,486,69.6,46.2,,,69.7,15.6
Germany,487,68.1,44.7,,,67.3,15.2
Germany,488,66.0,42.9,,,64.3,14.1
Germany,489,64.0,42.1,,,62.4,13.6
Germany,490,61.4,40.7,,,60.3,13.3
Germany,491,59.2,39.5,,,58.3,12.2
Germany,492,56.8,37.9,,,57.3,11.6
Germany,493,54.7,34.7,,,56.1,10.9
Germany,494,53.2,31.9,,,55.2,9.6
Germany,495,51.3,31.3,,,52.1,9.6
Germany,496,48.7,31.0,,,49.2,9.2
Germany,497,46.3,29.9,,,46.9,8.3
Germany,498,43.1,27.7,,,45.0,7.7
Germany,499,40.1,25.6,,,43.7,7.1
Germany,500,38.2,25.1,,,42.5,6.9
Germany,501,36.9,24.7,,,39.7,6.5
Germany,502,35.0,22.8,,,37.3,6.0
Germany,503,33.0,21.3,,,35.3,5.6
Germany,504,30.8,18.8,,,34.2,5.1
Germany,505,29.8,16.7,,,32.9,4.8
Germany,506,28.8,15.6,,,32.2,4.4
Germany,507,27.1,14.7,,,31.2,3.8
Germany,508,25.6,13.7,,,29.5,3.7
Germany,509,23.4,13.3,,,27.7,3.3
Germany,510,20.9,13.1,,,26.2,3.1
Germany,511,19.3,13.4,,,24.6,2.9
Germany,512,18.3,12.9,,,23.3,2.7
Germany,513,17.3,11.4,,,23.2,2.4
Germany,514,16.3,10.4,,,22.2,2.1
Germany,515,15.8,9.4,,,21.0,1.8
Germany,516,15.6,8.9,,,19.7,1.9
Germany,517,15.3,8.7,,,18.6,1.8
Germany,518,14.4,8.3,,,17.5,1.7
Germany,519,13.0,7.7,,,16.8,1.4
Germany,520,11.8,7.2,,,16.2,1.2
Germany,521,11.1,7.1,,,15.4,1.2
Germany,522,10.7,6.9,,,14.8,1.1
Germany,523,10.2,6.4,,,14.1,0.8
Germany,524,9.5,6.2,,,13.5,0.8
Germany,525,8.7,5.9,,,12.8,0.8
Germany,526,8.3,5.3,,,12.4,0.8
Germany,527,7.8,4.9,,,12.3,0.8
Germany,528,7.4,4.5,,,12.0,0.7
Germany,529,6.9,4.2,,,11.5,0.8
Germany,530,6.4,4.2,,,10.7,0.7
Germany,531,5.7,4.0,,,10.2,0.7
Germany,532,5.2,3.8,,,9.8,0.5
Germany,533,4.7,3.6,,,9.5,0.5
Germany,534,4.4,3.4,,,9.5,0.5
Germany,535,4.0,3.2,,,9.1,0.5
Germany,536,3.9,3.0,,,8.8,0.4
Germany,537,3.7,2.9,,,8.4,0.3
Germany,538,3.5,2.8,,,8.2,0.3
Germany,539,3.3,2.6,,,7.9,0.3
Germany,540,3.1,2.5,,,7.6,0.3
Germany,541,3.0,2.5,,,7.5,0.3
Germany,542,2.9,2.5,,,7.6,0.4
Germany,543,2.9,2.5,,,7.0,0.4
Germany,544,2.8,2.4,,,6.9,0.4
Germany,545,2.8,2.4,,,6.9,0.4
Germany,546,2.8,2.5,,,6.6,0.3
Germany,547,2.8,2.5,,,6.5,0.4
Germany,548,2.8,2.5,,,6.4,0.4
Germany,549,2.8,2.4,,,6.4,0.4
Germany,550,2.9,2.6,,,6.3,0.4
Germany,551,3.1,2.8,,,6.2,0.4
Germany,552,3.2,2.8,,,6.1,0.5
Germany,553,3.3,2.8,,,6.2,0.5
Germany,554,3.5,2.9,,,6.1,0.5
Germany,555,3.7,3.0,,,6.4,0.5
Germany,556,4.0,3.0,,,6.4,0.5
Germany,557,4.2,3.0,,,6.4,0.5
Germany,558,4.5,3.0,,,6.2,0.5
Germany,559,4.9,3.2,,,6.0,0.5
Germany,560,5.2,3.4,,,6.1,0.5
Germany,561,5.5,3.6,,,6.3,0.5
Germany,562,5.8,3.8,,,6.3,0.5
Germany,563,6.1,4.1,,,6.6,0.5
Germany,564,6.4,4.3,,,6.6,0.5
Germany,565,6.7,4.5,,,6.8,0.5
Germany,566,7.0,4.5,,,6.7,0.6
Germany,567,7.3,4.4,,,6.8,0.7
Germany,568,7.5,4.9,,,7.2,0.8
Germany,569,7.8,5.2,,,7.5,0.9
Germany,570,8.0,5.4,,,7.9,1.1
Germany,571,8.1,5.7,,,7.7,1.1
Germany,572,8.4,5.8,,,7.9,1.2
Germany,573,8.7,6.0,,,8.2,1.2
Germany,574,9.1,6.6,,,8.3,1.4
Germany,575,9.3,6.8,,,8.5,1.4
Germany,576,9.5,6.8,,,9.0,1.5
Germany,577,9.8,7.1,,,9.5,1.4
Germany,578,10.2,7.3,,,10.0,1.4
Germany,579,10.6,7.6,,,10.4,1.6
Germany,580,11.0,7.7,,,10.8,1.7
Germany,581,11.5,8.1,,,11.3,1.8
Germany,582,12.2,8.8,,,11.8,1.9
Germany,583,13.0,9.8,,,12.4,2.0
Germany,584,13.6,10.8,,,13.5,2.2
Germany,585,14.2,11.6,,,14.0,2.4
Germany,586,15.1,12.2,,,14.5,2.6
Germany,587,16.2,12.8,,,15.1,2.6
Germany,588,17.4,13.8,,,16.1,2.6
Germany,589,18.5,14.8,,,16.9,2.8
Germany,590,19.8,15.7,,,17.5,3.0
Germany,591,21.1,16.4,,,18.6,3.2
Germany,592,22.1,17.0,,,19.0,3.3
Germany,593,23.5,17.5,,,19.7,3.3
Germany,594,24.8,18.0,,,20.3,3.5
Germany,595,26.4,19.1,,,21.1,4.1
Germany,596,27.9,20.5,,,21.9,4.3
Germany,597,29.7,21.8,,,22.3,4.5
Germany,598,31.0,22.6,,,22.9,4.9
Germany,599,31.9,23.4,,,23.4,5.1
Germany,600,33.2,24.2,,,24.1,5.6
Germany,601,34.9,24.4,,,24.2,5.5
Germany,602,36.3,24.2,,,24.5,5.6
Germany,603,37.6,24.5,,,24.9,6.0
Germany,604,38.1,24.5,,,25.2,6.4
Germany,605,38.7,24.7,,,26.0,6.4
Germany,606,38.8,25.1,,,26.7,6.6
Germany,607,39.4,25.0,,,26.5,6.5
Germany,608,40.2,25.0,,,26.9,6.7
Germany,609,41.4,25.2,,,26.8,6.7
Germany,610,41.9,25.2,,,26.4,6.6
Germany,611,42.7,25.3,,,26.6,6.4
Germany,612,43.2,25.5,,,26.7,6.4
Germany,613,43.4,25.6,,,26.1,6.3
Germany,614,43.2,25.4,,,26.0,6.5
Germany,615,43.2,25.2,,,25.3,6.4
Germany,616,42.6,25.1,,,24.9,6.4
Germany,617,42.1,24.4,,,24.9,6.4
Germany,618,41.3,23.9,,,24.9,6.4
Germany,619,40.4,23.1,,,24.9,6.2
Germany,620,39.7,22.3,,,24.5,6.0
Germany,621,38.9,21.8,,,23.7,5.5
Germany,622,38.0,21.3,,,23.6,5.5
Germany,623,36.7,20.7,,,23.7,5.3
Germany,624,35.8,20.1,,,23.1,5.2
Germany,625,34.6,19.5,,,23.2,5.1
Germany,626,33.8,19.5,,,23.4,5.3
Germany,627,33.4,19.2,,,23.6,5.2
Germany,628,32.9,18.9,,,23.6,5.4
Germany,629,32.1,18.9,,,23.9,5.6
Germany,630,31.8,19.1,,,23.5,5.8
Germany,631,31.5,19.8,,,23.3,5.9
Germany,632,31.7,20.0,,,23.3,6.0
Germany,633,31.9,19.6,,,23.5,6.0
Germany,634,32.2,19.5,,,24.0,6.3
Germany,635,32.6,19.5,,,24.3,6.5
Germany,636,33.0,19.5,,,24.2,6.4
Germany,637,33.2,19.1,,,24.3,6.7
Germany,638,33.2,18.4,,,24.4,6.8
Germany,639,33.2,18.4,,,24.7,7.0
Germany,640,33.2,18.8,,,25.3,7.3
Germany,641,33.4,19.4,,,25.6,7.6
Germany,642,33.6,19.8,,,25.7,7.7
Germany,643,33.5,20.0,,,26.7,7.7
Germany,644,33.6,20.7,,,26.8,7.9
Germany,645,33.9,21.3,,,27.9,8.3
Germany,646,34.3,21.4,,,28.3,8.6
Germany,647,34.9,22.2,,,29.2,8.5
Germany,648,35.4,22.6,,,29.6,8.9
Germany,649,36.1,22.9,,,30.6,9.4
Germany,650,37.0,23.4,,,31.4,10.1
Germany,651,38.1,25.1,,,32.5,10.9
Germany,652,39.3,27.8,,,33.6,12.1
Germany,653,41.1,30.1,,,34.5,13.0
Germany,654,42.9,32.0,,,35.8,14.5
Germany,655,44.5,34.1,,,37.1,15.4
Germany,656,46.9,35.7,,,38.6,16.4
Germany,657,50.1,36.3,,,40.5,16.8
Germany,658,53.5,37.3,,,42.0,17.1
Germany,659,56.4,38.1,,,42.5,17.4
Germany,660,59.4,40.6,,,44.1,18.1
Germany,661,61.8,42.3,,,45.5,18.5
Germany,662,63.8,43.6,,,46.6,19.1
Germany,663,66.7,44.2,,,47.5,19.4
Germany,664,69.9,45.1,,,49.1,20.0
Germany,665,73.3,44.5,,,49.7,20.8
Germany,666,76.4,46.1,,,51.1,22.2
Germany,667,79.3,48.0,,,52.7,23.6
Germany,668,82.1,50.2,,,55.4,24.5
Germany,669,83.8,52.2,,,57.0,25.7
Germany,670,85.9,53.1,,,58.6,26.4
Germany,671,88.9,53.8,,,59.6,26.4
Germany,672,94.0,57.3,,,61.0,27.9
Germany,673,99.8,59.8,,,61.9,29.2
Germany,674,105.9,60.6,,,63.8,29.7
Germany,675,111.1,62.5,,,66.9,31.4
Germany,676,115.2,64.1,,,69.3,32.5
Germany,677,122.2,65.4,,,70.8,33.5
Germany,678,130.8,67.0,,,73.0,34.4
Germany,679,138.7,69.0,,,75.1,35.4
Germany,680,146.1,72.0,,,76.1,36.8
Germany,681,153.1,74.2,,,77.7,38.3
Germany,682,158.4,75.7,,,79.9,39.9
Germany,683,162.3,77.7,,,80.6,41.3
Germany,684,168.6,78.2,,,81.4,41.8
Germany,685,177.6,79.1,,,83.3,42.0
Germany,686,185.3,81.0,,,83.2,43.3
Germany,687,193.0,82.0,,,83.4,43.9
Germany,688,202.0,83.3,,,83.8,44.8
Germany,689,207.1,83.9,,,85.1,44.3
Germany,690,210.1,83.9,,,85.8,44.0
Germany,691,215.1,84.6,,,85.0,44.4
Germany,692,219.2,84.0,,,85.7,44.2
Germany,693,224.3,83.0,,,85.8,43.5
Germany,694,227.2,81.0,,,85.1,42.8
Germany,695,227.4,81.0,,,85.2,42.7
Germany,696,226.5,80.6,,,85.5,42.3
Germany,697,226.2,80.3,,,85.0,42.3
Germany,698,224.2,80.5,,,83.8,41.8
Germany,699,224.6,80.9,,,82.7,42.1
Germany,700,224.6,81.6,,,81.3,42.0
Germany,701,223.1,82.2,,,80.9,40.7
Germany,702,222.0,80.7,,,80.5,39.6
Germany,703,220.9,79.6,,,80.2,38.3
Germany,704,219.0,77.7,,,79.2,37.3
Germany,705,217.3,76.8,,,77.6,36.5
Germany,706,214.6,74.9,,,76.1,35.3
Germany,707,209.6,72.1,,,74.3,33.3
Germany,708,204.4,70.5,,,74.2,33.1
Germany,709,197.9,68.2,,,73.5,32.2
Germany,710,192.7,65.9,,,73.0,31.2
Germany,711,187.8,64.0,,,71.7,29.3
Germany,712,180.8,62.2,,,69.5,28.3
Germany,713,175.1,61.4,,,67.9,27.8
Germany,714,167.5,59.7,,,66.5,27.0
Germany,715,161.6,56.6,,,66.4,25.3
Germany,716,155.9,53.6,,,66.1,23.8
Germany,717,151.9,51.2,,,66.0,22.3
Germany,718,149.3,46.4,,,63.7,20.9
Germany,719,145.7,43.2,,,61.8,19.5
Germany,720,139.4,42.4,,,59.7,18.9
Germany,721,133.2,41.6,,,58.7,17.8
Germany,722,128.0,40.8,,,57.5,16.9
Germany,723,120.4,40.6,,,56.8,15.9
Germany,724,114.3,40.6,,,56.4,15.5
Germany,725,115.1,41.0,,,54.7,14.9
Germany,726,115.6,41.0,,,52.9,14.5
Germany,727,116.1,41.0,,,51.3,14.3
Germany,728,118.0,41.5,,,49.8,13.7
Germany,729,121.5,41.1,,,48.6,13.4
Germany,730,125.4,40.6,,,47.6,13.2
Germany,731,129.4,39.0,,,47.6,12.2
Germany,732,133.9,40.6,,,46.3,12.4
Germany,733,142.0,41.5,,,44.6,12.5
Germany,734,151.4,41.1,,,42.5,12.0
Germany,735,162.2,40.2,,,42.0,11.4
Germany,736,169.9,38.5,,,41.6,10.5
Germany,737,182.9,38.1,,,42.1,10.0
Germany,738,193.0,38.9,,,42.2,9.9
Germany,739,197.6,39.4,,,41.6,9.7
Germany,740,207.7,39.8,,,41.0,10.0
Germany,741,221.4,40.2,,,39.5,10.0
Germany,742,236.0,41.6,,,39.2,10.5
Germany,743,253.7,43.6,,,38.6,11.0
Germany,744,269.8,45.9,,,39.4,11.1
Germany,745,282.4,48.2,,,40.0,12.0
Germany,746,291.6,50.9,,,39.2,12.3
Germany,747,310.3,52.0,,,40.1,12.4
Germany,748,336.0,53.7,,,39.3,12.8
Germany,749,366.8,56.4,,,40.0,13.4
Germany,750,399.8,58.9,,,40.0,14.2
Germany,751,435.1,60.2,,,40.7,15.1
Germany,752,457.2,61.8,,,41.2,15.6
Germany,753,471.2,63.0,,,41.5,16.3
Germany,754,504.1,64.4,,,41.6,16.8
Germany,755,540.7,64.6,,,41.6,17.0
Germany,756,571.7,65.6,,,41.7,17.9
Germany,757,601.2,67.8,,,41.7,18.8
Germany,758,625.4,71.0,,,42.2,19.9
Germany,759,641.7,74.5,,,43.0,21.0
Germany,760,649.4,76.9,,,43.4,21.9
Germany,761,660.1,77.7,,,42.9,22.4
Germany,762,682.2,78.5,,,43.0,22.8
Germany,763,707.2,80.7,,,42.3,23.6
Germany,764,730.3,82.9,,,42.0,24.3
Germany,765,743.1,83.2,,,41.6,24.4
Germany,766,748.2,82.7,,,41.9,24.9
Germany,767,754.0,82.2,,,41.6,25.1
Germany,768,763.5,81.5,,,41.6,25.3
Germany,769,769.5,80.9,,,39.6,25.4
Germany,770,770.3,80.2,,,39.7,25.3
Germany,771,763.1,79.8,,,39.1,25.6
Germany,772,759.4,80.2,,,38.9,26.2
Germany,773,752.2,80.5,,,39.6,26.9
Germany,774,745.8,80.4,,,39.7,26.4
Germany,775,734.9,81.0,,,38.2,26.7
Germany,776,724.5,81.5,,,37.4,26.5
Germany,777,715.8,82.1,,,36.6,26.2
Germany,778,707.7,81.2,,,36.5,25.7
Germany,779,693.5,80.5,,,36.5,25.3
Germany,780,692.1,79.4,,,37.6,24.4
Germany,781,686.9,79.0,,,37.5,24.5
Germany,782,674.3,78.9,,,36.8,23.9
Germany,783,668.2,78.1,,,36.7,23.5
Germany,784,655.6,76.6,,,36.7,23.3
Germany,785,643.0,75.8,,,36.6,23.3
Germany,786,637.7,75.5,,,38.0,23.4
Germany,787,631.0,76.0,,,39.2,23.4
Germany,788,626.3,76.1,,,39.8,23.5
Germany,789,621.4,75.7,,,40.0,23.4
Germany,790,613.2,76.2,,,39.7,24.0
Germany,791,615.6,77.6,,,39.6,24.9
Germany,792,629.2,80.4,,,38.9,24.9
Germany,793,642.2,82.4,,,39.4,25.4
Germany,794,653.8,84.5,,,40.8,25.6
Germany,795,669.1,86.5,,,41.3,26.4
Germany,796,693.2,87.8,,,40.5,26.9
Germany,797,723.7,88.6,,,40.4,26.6
Germany,798,755.5,92.5,,,40.0,26.5
Germany,799,779.9,94.2,,,40.5,27.2
Germany,800,808.3,95.7,,,40.5,27.6
Germany,801,826.9,96.8,,,40.9,28.4
Germany,802,832.3,97.4,,,41.3,28.5
Germany,803,855.1,96.7,,,40.5,28.4
Germany,804,873.8,96.1,,,40.0,28.3
Germany,805,897.5,95.4,,,39.4,29.0
Germany,806,918.3,95.6,,,38.4,29.1
Germany,807,925.9,95.4,,,38.4,28.7
Germany,808,919.0,94.5,,,38.8,28.0
Germany,809,919.6,94.5,,,37.6,27.8
Germany,810,932.9,94.8,,,36.6,27.8
Germany,811,941.7,94.9,,,35.7,27.8
Germany,812,940.7,94.8,,,35.2,27.1
Germany,813,934.0,93.8,,,34.5,26.1
Germany,814,925.3,92.1,,,34.5,25.5
Germany,815,919.4,90.6,,,34.4,24.9
Germany,816,904.0,87.3,,,33.3,24.0
Germany,817,884.6,85.2,,,32.1,23.3
Germany,818,866.5,83.7,,,31.6,22.7
Germany,819,838.9,81.5,,,31.1,21.9
Germany,820,807.2,78.3,,,30.2,21.3
Germany,821,772.7,76.6,,,30.7,20.7
Germany,822,746.6,74.6,,,30.6,20.0
Germany,823,732.4,74.3,,,31.3,19.0
Germany,824,700.9,73.8,,,30.1,18.6
Germany,825,664.3,73.9,,,28.6,18.5
Germany,826,625.2,73.5,,,28.0,18.1
Germany,827,591.3,72.6,,,28.0,17.6
Germany,828,569.2,70.3,,,27.3,16.7
Germany,829,559.0,69.5,,,27.4,16.3
Germany,830,555.0,62.7,,,26.4,15.0
Germany,831,545.7,61.5,,,25.1,14.8
Germany,832,530.5,60.3,,,24.4,14.5
Germany,833,514.0,50.4,,,24.0,12.6
Germany,834,505.9,52.7,,,23.5,12.8
Germany,835,462.9,54.3,,,23.2,12.7
Germany,836,449.1,53.9,,,23.0,12.1
Germany,837,444.2,58.6,,,22.2,12.7
Germany,838,390.3,58.4,,,20.9,12.5
Germany,839,378.7,58.6,,,20.4,12.1
Germany,840,389.6,66.0,,,19.4,13.3
Germany,841,391.4,59.9,,,18.8,11.9
Germany,842,421.2,55.4,,,19.0,11.1
Germany,843,421.7,52.4,,,19.0,10.7
Germany,844,417.6,50.3,,,18.5,10.0
Germany,845,459.2,49.5,,,17.9,9.7
Germany,846,447.0,48.5,,,17.4,9.8
Germany,847,412.2,46.1,,,17.0,9.2
Germany,848,379.6,45.2,,,16.4,9.1
Germany,849,357.2,44.2,,,16.0,8.7
Germany,850,346.3,43.5,,,16.4,8.3
Germany,851,340.2,42.5,,,16.4,8.1
Germany,852,323.0,42.1,,,15.7,7.9
Germany,853,305.7,41.4,,,15.2,7.8
Germany,854,292.2,41.5,,,14.3,7.3
Germany,855,284.2,40.4,,,13.9,7.0
Germany,856,278.1,39.2,,,14.2,6.7
Germany,857,274.0,38.2,,,13.7,6.3
Germany,858,272.1,37.3,,,12.9,6.3
Germany,859,269.7,36.7,,,12.5,6.3
Germany,860,262.9,36.4,,,12.2,6.1
Germany,861,255.0,34.7,,,12.2,5.9
Germany,862,246.3,33.2,,,11.6,5.7
Germany,863,240.1,32.1,,,11.4,5.4
Germany,864,235.6,30.6,,,11.6,5.2
Germany,865,232.6,29.3,,,11.9,4.8
Germany,866,221.6,29.1,,,11.6,4.8
Germany,867,206.0,28.9,,,11.2,4.8
Germany,868,193.1,27.2,,,11.1,4.7
Germany,869,181.5,25.6,,,10.7,4.4
Germany,870,171.9,24.2,,,10.6,4.0
Germany,871,167.6,20.9,,,11.0,3.5
Germany,872,164.9,21.0,,,10.8,3.4
Germany,873,154.1,20.4,,,10.8,3.2
Germany,874,142.6,20.2,,,10.8,3.0
Germany,875,132.7,19.8,,,10.9,2.7
Germany,876,114.6,20.0,,,10.5,2.7
Germany,877,110.6,20.4,,,10.8,2.9
Germany,878,109.5,23.3,,,11.3,3.2
Germany,879,110.5,23.5,,,11.7,3.3
Germany,880,111.4,23.9,,,11.7,3.3
Germany,881,114.8,24.0,,,11.9,3.5
Germany,882,120.4,20.1,,,12.0,3.0
Germany,883,137.7,24.7,,,11.9,3.4
Germany,884,141.8,27.2,,,12.5,3.6
Germany,885,144.2,29.1,,,13.0,3.9
Germany,886,145.5,30.2,,,13.8,4.2
Germany,887,128.5,30.5,,,13.6,4.3
Germany,888,139.4,31.0,,,14.1,4.4
Germany,889,159.2,38.9,,,13.9,5.5
Germany,890,175.0,37.1,,,13.7,5.6
Germany,891,189.3,37.1,,,14.5,5.8
Germany,892,193.8,34.6,,,16.2,5.6
Germany,893,197.6,37.4,,,17.0,5.9
Germany,894,235.9,38.0,,,16.2,6.1
Germany,895,247.5,38.5,,,16.2,6.2
Germany,896,248.0,42.5,,,17.0,6.6
Germany,897,232.9,45.3,,,17.0,6.9
Germany,898,240.2,47.6,,,17.3,6.9
Germany,899,242.9,52.9,,,18.5,7.8
Germany,900,245.1,53.4,,,18.5,8.0
Germany,901,256.8,53.7,,,18.2,8.2
Germany,902,273.9,54.2,,,18.2,8.1
Germany,903,290.8,55.5,,,18.6,8.6
Germany,904,322.6,56.5,,,18.3,9.1
Germany,905,328.4,57.7,,,19.1,9.5
Germany,906,330.9,58.0,,,20.4,9.4
Germany,907,331.5,58.6,,,21.1,9.5
Germany,908,338.4,58.7,,,21.5,9.3
Germany,909,346.6,58.8,,,21.5,9.4
Germany,910,353.2,59.1,,,21.2,9.4
Germany,911,358.6,59.7,,,21.3,9.3
Germany,912,362.7,61.0,,,22.0,9.7
Germany,913,361.2,62.3,,,22.9,9.8
Germany,914,360.6,63.1,,,23.1,9.8
Germany,915,363.1,63.5,,,23.1,10.5
Germany,916,362.6,64.0,,,24.2,10.7
Germany,917,363.8,67.9,,,24.2,11.7
Germany,918,364.3,69.8,,,24.5,12.7
Germany,919,364.9,72.0,,,25.0,13.1
Germany,920,365.2,74.5,,,27.0,14.1
Germany,921,366.5,77.3,,,28.1,14.9
Germany,922,371.6,77.6,,,27.6,14.5
Germany,923,376.1,77.3,,,27.0,14.5
Germany,924,381.2,78.0,,,26.0,14.7
Germany,925,384.8,80.0,,,25.3,15.1
Germany,926,391.5,80.8,,,25.1,15.9
Germany,927,392.2,83.0,,,25.5,16.5
Germany,928,390.5,82.7,,,25.0,16.7
Germany,929,391.8,82.8,,,24.2,16.6
Germany,930,390.2,83.3,,,24.3,16.9
Germany,931,381.9,84.7,,,23.9,17.7
Germany,932,374.4,83.9,,,23.3,17.2
Germany,933,363.5,81.8,,,22.3,16.5
Germany,934,360.7,77.9,,,23.1,15.7
Germany,935,358.4,75.2,,,22.1,15.3
Germany,936,349.3,74.4,,,21.5,15.3
Germany,937,334.3,73.4,,,20.5,14.9
Germany,938,319.7,68.9,,,20.1,13.8
Germany,939,303.3,66.5,,,19.8,13.1
Germany,940,288.0,64.5,,,20.0,12.5
Germany,941,283.4,63.0,,,20.0,12.1
Germany,942,280.7,62.5,,,19.6,11.7
Germany,943,261.3,62.3,,,18.6,11.6
Germany,944,242.8,62.1,,,19.2,11.4
Germany,945,227.9,58.9,,,18.1,10.5
Germany,946,217.6,55.9,,,17.1,10.1
Germany,947,210.2,54.4,,,17.2,10.0
Germany,948,208.4,52.7,,,17.1,9.5
Germany,949,207.3,51.8,,,16.6,9.0
Germany,950,197.2,51.4,,,15.6,8.9
Germany,951,188.4,51.3,,,15.5,9.1
Germany,952,181.4,49.7,,,15.2,8.9
Germany,953,176.4,51.2,,,14.9,9.3
Germany,954,172.9,50.9,,,14.7,9.2
Germany,955,171.5,50.9,,,14.8,9.1
Germany,956,171.0,49.7,,,14.4,8.9
Germany,957,165.7,49.7,,,13.8,8.8
Germany,958,163.0,49.2,,,13.3,8.5
Germany,959,160.3,48.3,,,13.3,8.0
Germany,960,157.9,45.1,,,13.1,7.2
Germany,961,153.8,43.5,,,13.0,6.5
Germany,962,152.7,41.5,,,13.3,5.9
Germany,963,151.7,40.3,,,12.9,5.8
Germany,964,148.1,40.0,,,12.5,5.7
Germany,965,142.3,39.9,,,12.5,5.8
Germany,966,138.2,38.2,,,12.4,5.6
Germany,967,134.1,36.8,,,11.8,5.3
Germany,968,132.0,35.6,,,11.7,5.2
Germany,969,130.9,34.3,,,12.0,5.2
Germany,970,130.2,33.6,,,12.6,5.0
Germany,971,127.8,33.4,,,12.9,5.2
Germany,972,125.0,33.5,,,12.5,5.1
Germany,973,121.1,32.5,,,12.0,5.2
Germany,974,118.7,32.4,,,11.5,5.2
Germany,975,117.2,32.8,,,11.2,4.9
Germany,976,117.1,33.1,,,11.6,5.0
Germany,977,117.1,33.3,,,12.0,5.1
Germany,978,115.8,33.1,,,12.3,4.9
Germany,979,115.2,33.0,,,12.4,5.1
Germany,980,116.7,33.8,,,12.7,4.9
Germany,981,118.1,34.2,,,12.4,4.9
Germany,982,119.0,34.4,,,12.7,5.3
Germany,983,119.3,35.3,,,13.7,5.3
Germany,984,119.7,35.8,,,14.8,5.3
Germany,985,122.3,36.1,,,14.9,5.3
Germany,986,125.6,36.4,,,15.4,5.3
Germany,987,127.8,38.7,,,15.9,5.9
Germany,988,130.9,40.7,,,16.5,6.4
Germany,989,133.5,44.0,,,17.3,6.7
Germany,990,134.2,46.7,,,18.2,7.2
Germany,991,135.1,49.8,,,21.1,7.5
Germany,992,139.5,50.9,,,22.8,8.1
Germany,993,144.0,52.1,,,23.7,8.4
Germany,994,150.4,59.9,,,24.0,9.1
Germany,995,156.6,67.7,,,24.7,10.2
Germany,996,165.0,72.8,,,25.6,11.4
Germany,997,170.1,78.3,,,27.9,12.2
Germany,998,174.2,82.8,,,28.8,13.3
Germany,999,188.5,83.7,,,29.0,13.5
Germany,1000,211.1,84.9,,,29.7,14.0
Germany,1001,231.8,70.9,,,29.2,12.9
Germany,1002,247.4,89.2,,,28.7,15.4
Germany,1003,261.4,100.8,,,29.6,17.1
Germany,1004,266.3,109.0,,,31.0,18.8
Germany,1005,268.3,114.3,,,32.0,19.3
Germany,1006,238.3,115.5,,,31.6,19.4
Germany,1007,255.1,116.3,,,31.5,19.6
Germany,1008,286.2,146.1,,,30.6,23.5
Germany,1009,320.7,137.0,,,30.4,22.4
Germany,1010,343.1,135.3,,,30.2,22.2
Germany,1011,345.3,134.9,,,30.8,22.4
Germany,1012,348.2,136.4,,,30.8,23.0
Germany,1013,413.1,136.6,,,30.0,23.1
Germany,1014,419.2,136.6,,,29.2,23.4
Germany,1015,405.7,138.0,,,28.5,23.3
Germany,1016,386.4,139.4,,,27.6,23.4
Germany,1017,373.6,135.2,,,27.5,22.9
Germany,1018,370.9,131.8,,,27.5,22.2
Germany,1019,368.1,127.9,,,27.5,21.7
Germany,1020,358.1,126.7,,,27.0,21.4
Germany,1021,349.5,126.0,,,25.8,21.2
Germany,1022,339.3,117.1,,,24.6,19.7
Germany,1023,326.9,108.6,,,23.4,18.2
Germany,1024,314.7,103.4,,,23.3,17.4
Germany,1025,310.4,98.5,,,22.8,16.4
Germany,1026,307.2,93.5,,,22.3,15.5
Germany,1027,287.8,92.1,,,21.2,15.3
Germany,1028,267.4,91.1,,,20.6,14.8
Germany,1029,247.2,76.6,,,19.8,12.7
Germany,1030,231.2,69.5,,,19.5,12.0
Germany,1031,217.0,70.2,,,18.7,11.4
Germany,1032,212.2,68.4,,,19.0,10.9
Germany,1033,209.4,67.0,,,18.1,10.4
Germany,1034,181.6,67.0,,,17.7,10.3
Germany,1035,154.5,66.1,,,16.6,9.8
Germany,1036,151.5,69.2,,,16.3,10.5
Germany,1037,147.4,68.7,,,15.7,10.3
Germany,1038,142.7,62.9,,,15.7,9.8
Germany,1039,141.2,59.6,,,16.0,9.6
Germany,1040,139.4,58.1,,,16.3,9.4
Germany,1041,143.7,57.2,,,16.1,9.3
Germany,1042,146.0,57.2,,,15.6,9.4
Germany,1043,131.4,55.0,,,15.4,8.6
Germany,1044,122.1,54.2,,,15.3,8.5
Germany,1045,116.7,53.1,,,15.6,8.3
Germany,1046,115.1,53.5,,,16.1,8.2
Germany,1047,114.6,53.3,,,15.5,8.1
Germany,1048,108.5,53.5,,,15.6,8.1
Germany,1049,104.7,53.1,,,15.3,8.2
Germany,1050,101.4,54.6,,,15.7,8.7
Germany,1051,99.1,55.4,,,16.1,8.9
Germany,1052,98.2,56.0,,,16.5,9.1
Germany,1053,98.2,56.7,,,16.8,9.2
Germany,1054,97.7,58.0,,,17.6,9.6
Germany,1055,96.8,58.3,,,17.2,9.7
Germany,1056,97.0,58.9,,,16.8,9.7
Germany,1057,97.8,62.0,,,17.4,10.5
Germany,1058,98.4,64.6,,,17.0,10.7
Germany,1059,98.9,67.3,,,17.1,11.0
Germany,1060,99.2,69.4,,,18.5,11.5
Germany,1061,99.5,70.3,,,19.2,12.0
Germany,1062,100.8,70.3,,,18.6,12.1
Germany,1063,103.1,71.1,,,18.7,12.1
Germany,1064,104.7,73.0,,,19.5,12.2
Germany,1065,106.0,75.2,,,19.2,12.8
Germany,1066,106.9,76.9,,,19.7,13.4
Germany,1067,107.0,78.5,,,20.4,14.1
Germany,1068,107.1,81.3,,,20.8,14.3
Germany,1069,107.8,82.3,,,21.4,14.5
Germany,1070,109.9,82.4,,,21.6,14.8
Germany,1071,111.5,86.7,,,22.0,15.9
Germany,1072,113.2,90.2,,,21.6,16.1
Germany,1073,114.7,92.3,,,22.0,16.3
Germany,1074,115.8,94.2,,,22.8,16.5
Germany,1075,116.0,95.2,,,24.0,17.0
Germany,1076,119.5,95.6,,,24.1,17.1
Germany,1077,121.0,95.9,,,24.1,17.2
Germany,1078,124.5,97.9,,,24.3,17.9
Germany,1079,127.2,101.2,,,23.7,18.8
Germany,1080,128.4,103.8,,,23.9,19.0
Germany,1081,128.2,105.6,,,24.2,19.4
Germany,1082,128.4,106.7,,,24.1,19.1
Germany,1083,129.4,105.9,,,23.4,19.0
Germany,1084,130.4,105.1,,,22.7,19.0
Germany,1085,130.9,81.5,,,22.5,15.3
Germany,1086,131.9,84.6,,,22.1,16.2
Germany,1087,132.9,83.9,,,22.2,16.3
Germany,1088,132.3,82.2,,,22.3,15.7
Germany,1089,131.1,78.7,,,21.1,15.1
Germany,1090,108.0,78.4,,,20.0,14.8
Germany,1091,106.1,78.0,,,19.2,14.6
Germany,1092,103.1,96.1,,,18.4,16.8
Germany,1093,97.3,85.3,,,17.3,14.4
Germany,1094,90.8,79.9,,,17.3,13.3
Germany,1095,88.8,75.7,,,16.6,12.3
Germany,1096,87.9,71.1,,,15.6,11.5
Germany,1097,103.0,70.3,,,14.8,11.4
Germany,1098,95.2,69.4,,,14.3,11.0
Germany,1099,86.9,65.4,,,13.5,9.8
Germany,1100,81.3,60.6,,,12.5,9.1
Germany,1101,75.6,56.4,,,12.1,8.4
Germany,1102,74.4,52.1,,,11.7,7.9
Germany,1103,73.5,51.7,,,11.6,7.8
Germany,1104,67.9,51.1,,,11.7,7.5
Germany,1105,61.5,50.7,,,11.0,7.2
Germany,1106,56.8,45.2,,,10.6,6.4
Germany,1107,52.4,42.1,,,10.3,5.7
Germany,1108,50.7,40.0,,,10.4,5.3
Germany,1109,50.1,38.9,,,10.9,5.1
Germany,1110,49.8,37.3,,,10.4,4.8
Germany,1111,44.5,37.1,,,10.4,4.7
Germany,1112,40.6,37.1,,,10.7,4.8
Germany,1113,38.1,35.5,,,10.7,4.6
Germany,1114,37.1,36.2,,,10.5,4.9
Germany,1115,36.6,36.2,,,10.7,4.9
Germany,1116,36.6,37.3,,,11.1,4.8
Germany,1117,36.7,38.7,,,11.6,4.8
Germany,1118,36.8,38.8,,,11.9,4.8
Germany,1119,38.1,39.1,,,11.6,4.8
Germany,1120,39.5,40.5,,,11.6,4.9
Germany,1121,41.0,41.9,,,12.1,5.0
Germany,1122,42.3,43.9,,,12.4,5.0
Germany,1123,42.5,44.2,,,12.9,5.1
Germany,1124,42.7,46.0,,,13.2,5.3
Germany,1125,44.2,46.4,,,13.5,5.4
Germany,1126,46.1,46.6,,,14.5,5.4
Germany,1127,47.5,49.7,,,15.2,5.4
Germany,1128,48.0,51.0,,,14.7,5.7
Germany,1129,48.7,52.5,,,14.5,6.1
Germany,1130,48.8,54.5,,,16.1,6.3
Germany,1131,48.8,54.8,,,16.9,6.5
Germany,1132,49.2,55.3,,,17.4,6.7
Germany,1133,49.1,55.8,,,17.5,7.0
Germany,1134,49.0,59.2,,,17.7,7.8
Germany,1135,49.2,62.4,,,18.1,8.1
Germany,1136,49.7,65.4,,,18.1,8.2
Germany,1137,49.9,67.3,,,18.3,8.7
Germany,1138,50.2,69.4,,,18.2,8.5
Germany,1139,51.6,69.5,,,17.9,8.5
Germany,1140,52.5,70.2,,,17.3,8.6
Germany,1141,54.1,69.8,,,17.4,8.8
Germany,1142,55.8,72.0,,,17.3,8.9
Germany,1143,56.3,73.5,,,17.9,9.3
Germany,1144,56.5,74.6,,,18.2,9.1
Germany,1145,56.8,74.8,,,18.8,9.1
Germany,1146,55.8,75.2,,,19.3,9.2
Germany,1147,57.0,74.8,,,19.4,9.0
Germany,1148,59.4,77.6,,,19.4,8.6
Germany,1149,62.3,75.8,,,19.0,8.5
Germany,1150,65.0,72.6,,,19.5,8.1
Germany,1151,65.5,69.7,,,20.3,7.9
Germany,1152,65.2,67.5,,,20.7,8.0
Germany,1153,68.6,66.8,,,20.8,7.9
Germany,1154,68.6,66.3,,,21.2,8.1
Germany,1155,64.9,63.4,,,21.2,8.2
Germany,1156,57.6,62.2,,,21.0,7.9
Germany,1157,50.9,61.5,,,21.0,7.7
Germany,1158,48.9,63.3,,,21.2,8.1
Germany,1159,47.8,64.6,,,22.2,8.5
Germany,1160,38.9,65.1,,,21.5,8.6
Germany,1161,31.4,65.4,,,21.2,8.3
Germany,1162,26.8,67.8,,,20.7,8.7
Germany,1163,25.8,69.4,,,20.4,9.0
Germany,1164,25.3,71.0,,,19.9,9.0
Germany,1165,25.3,70.8,,,20.4,8.9
Germany,1166,25.2,70.4,,,19.5,8.8
Germany,1167,25.2,70.3,,,18.7,9.0
Germany,1168,24.7,70.0,,,18.4,9.1
Germany,1169,24.3,68.3,,,18.5,9.0
Germany,1170,23.8,65.8,,,18.2,8.9
Germany,1171,23.2,64.1,,,18.0,8.9
Germany,1172,23.1,61.7,,,17.1,8.7
Germany,1173,23.0,59.9,,,16.8,8.1
Germany,1174,22.3,59.0,,,16.1,7.9
Germany,1175,21.3,58.5,,,15.3,7.8
Germany,1176,20.5,54.3,,,14.6,7.2
Germany,1177,19.7,50.9,,,14.1,6.8
Germany,1178,19.0,48.3,,,14.2,6.4
Germany,1179,18.7,46.1,,,13.9,6.0
Germany,1180,18.5,44.1,,,14.0,5.9
Germany,1181,17.2,44.0,,,13.3,5.8
Germany,1182,15.9,43.7,,,12.9,5.7
Germany,1183,14.7,40.5,,,12.5,5.4
Germany,1184,13.8,39.5,,,12.3,5.2
Germany,1185,13.1,37.5,,,12.2,5.1
Germany,1186,13.0,35.9,,,12.2,5.0
Germany,1187,12.8,31.1,,,12.0,4.3
Germany,1188,11.8,30.9,,,11.5,4.3
Germany,1189,11.2,30.8,,,11.0,4.2
Germany,1190,10.6,20.6,,,10.9,3.1
Germany,1191,9.9,26.5,,,10.5,3.6
Germany,1192,8.6,27.0,,,10.6,3.6
Germany,1193,8.4,27.6,,,10.8,3.9
Germany,1194,8.4,31.0,,,10.2,4.2
Germany,1195,6.3,30.7,,,9.6,4.0
Germany,1196,6.6,30.4,,,9.5,4.0
Germany,1197,6.6,37.4,,,9.0,4.7
Germany,1198,6.7,29.6,,,9.0,4.0
Germany,1199,7.5,28.0,,,8.9,3.8
Germany,1200,7.5,26.5,,,9.0,3.3
Germany,1201,7.5,25.6,,,8.8,3.1
Germany,1202,8.8,25.4,,,8.2,3.0
Germany,1203,7.8,25.4,,,7.8,3.1
Germany,1204,7.4,24.1,,,7.8,2.6
Germany,1205,6.9,23.2,,,7.6,2.5
Germany,1206,6.6,22.4,,,7.2,2.2
Germany,1207,6.5,21.4,,,7.1,2.2
Germany,1208,6.5,20.9,,,6.7,2.2
Germany,1209,6.2,21.1,,,6.4,2.2
Germany,1210,5.8,20.9,,,6.0,2.1
Germany,1211,5.7,14.8,,,6.0,2.0
Germany,1212,5.4,17.5,,,5.9,2.2
Germany,1213,5.3,17.6,,,5.9,2.2
Germany,1214,5.2,17.7,,,5.8,2.1
Germany,1215,5.2,17.7,,,5.6,2.1
Germany,1216,4.0,17.6,,,5.3,2.0
Germany,1217,4.2,17.4,,,5.4,1.9
Germany,1218,4.2,21.8,,,5.3,1.9
Germany,1219,4.3,18.0,,,5.1,1.5
Germany,1220,4.3,16.7,,,5.4,1.5
Germany,1221,4.3,15.8,,,5.0,1.5
Germany,1222,4.2,15.3,,,4.8,1.4
Germany,1223,5.0,15.2,,,4.5,1.4
Germany,1224,4.6,15.1,,,4.0,1.3
Germany,1225,4.3,13.8,,,4.1,1.4
Germany,1226,4.0,12.8,,,4.4,1.3
Germany,1227,3.8,12.8,,,4.1,1.1
Germany,1228,3.8,11.0,,,4.1,0.9
Germany,1229,3.8,10.6,,,3.9,1.0
Germany,1230,3.5,10.5,,,3.8,1.0
Germany,1231,3.2,10.5,,,3.5,1.0
Germany,1232,3.1,10.7,,,3.5,0.9
Germany,1233,2.6,10.6,,,3.2,0.9
Germany,1234,2.5,10.1,,,3.3,0.9
Germany,1235,2.5,11.1,,,3.5,1.0
Germany,1236,2.5,10.5,,,3.4,0.8
Germany,1237,2.5,10.4,,,3.0,0.8
Germany,1238,2.4,10.2,,,2.7,0.8
Germany,1239,2.3,6.4,,,2.9,0.6
Germany,1240,2.6,7.1,,,3.0,0.7
Germany,1241,2.5,6.7,,,3.1,0.5
Germany,1242,2.4,6.6,,,3.0,0.6
Germany,1243,2.4,6.4,,,,0.5
Germany,1244,1.8,6.4,,,,0.5
Germany,1245,1.8,6.4,,,,0.4
Germany,1246,1.7,8.0,,,,0.4
Germany,1247,1.6,6.4,,,,0.3
Germany,1248,1.6,6.0,,,,0.3
Germany,1249,1.6,5.3,,,,0.2
Germany,1250,1.5,5.2,,,,0.2
Germany,1251,1.8,5.3,,,,0.2
Germany,1252,1.6,5.3,,,,0.2
Germany,1253,1.5,,,,,0.2
Germany,1254,1.3,,,,,
Germany,1255,1.3,,,,,
Germany,1256,1.3,,,,,
Germany,1257,1.3,,,,,
Germany,1258,1.2,,,,,
