location,date,vaccine,source_url,total_vaccinations,people_vaccinated,people_fully_vaccinated,total_boosters,E2
Belgium,2020-12-28,Pfizer/BioNTech,https://epistat.wiv-isp.be/covid/,339,339,0,0,0.0
Belgium,2020-12-29,Pfizer/BioNTech,https://epistat.wiv-isp.be/covid/,379,378,11,0,0.0
Belgium,2020-12-30,Pfizer/BioNTech,https://epistat.wiv-isp.be/covid/,909,907,21,0,0.0
Belgium,2020-12-31,Pfizer/BioNTech,https://epistat.wiv-isp.be/covid/,957,955,21,0,0.0
Belgium,2021-01-01,Pfizer/BioNTech,https://epistat.wiv-isp.be/covid/,974,972,21,0,0.0
Belgium,2021-01-02,Pfizer/BioNTech,https://epistat.wiv-isp.be/covid/,998,996,34,0,0.0
Belgium,2021-01-03,Pfizer/BioNTech,https://epistat.wiv-isp.be/covid/,1032,1030,34,0,0.0
Belgium,2021-01-04,Pfizer/BioNTech,https://epistat.wiv-isp.be/covid/,1102,1099,50,0,0.0
Belgium,2021-01-05,Pfizer/BioNTech,https://epistat.wiv-isp.be/covid/,2892,2886,79,0,0.0
Belgium,2021-01-06,Pfizer/BioNTech,https://epistat.wiv-isp.be/covid/,6919,6912,108,0,0.0
Belgium,2021-01-07,Pfizer/BioNTech,https://epistat.wiv-isp.be/covid/,15431,15417,129,0,0.0
Belgium,2021-01-08,Pfizer/BioNTech,https://epistat.wiv-isp.be/covid/,24874,24852,182,0,0.0
Belgium,2021-01-09,Pfizer/BioNTech,https://epistat.wiv-isp.be/covid/,28172,28147,201,0,0.0
Belgium,2021-01-10,Pfizer/BioNTech,https://epistat.wiv-isp.be/covid/,28668,28641,203,0,0.0
Belgium,2021-01-11,"Moderna, Pfizer/BioNTech",https://epistat.wiv-isp.be/covid/,34413,34375,223,0,0.0
Belgium,2021-01-12,"Moderna, Pfizer/BioNTech",https://epistat.wiv-isp.be/covid/,50518,50469,255,0,0.0
Belgium,2021-01-13,"Moderna, Pfizer/BioNTech",https://epistat.wiv-isp.be/covid/,72484,72314,393,0,0.0
Belgium,2021-01-14,"Moderna, Pfizer/BioNTech",https://epistat.wiv-isp.be/covid/,96064,95874,424,0,0.0
Belgium,2021-01-15,"Moderna, Pfizer/BioNTech",https://epistat.wiv-isp.be/covid/,119784,119585,453,0,0.0
Belgium,2021-01-16,"Moderna, Pfizer/BioNTech",https://epistat.wiv-isp.be/covid/,125034,124831,467,0,0.0
Belgium,2021-01-17,"Moderna, Pfizer/BioNTech",https://epistat.wiv-isp.be/covid/,128333,128104,493,0,0.0
Belgium,2021-01-18,"Moderna, Pfizer/BioNTech",https://epistat.wiv-isp.be/covid/,139637,139259,655,0,0.0
Belgium,2021-01-19,"Moderna, Pfizer/BioNTech",https://epistat.wiv-isp.be/covid/,159138,158552,900,0,0.0
Belgium,2021-01-20,"Moderna, Pfizer/BioNTech",https://epistat.wiv-isp.be/covid/,180906,179846,1402,0,0.0
Belgium,2021-01-21,"Moderna, Pfizer/BioNTech",https://epistat.wiv-isp.be/covid/,211335,210234,1467,0,0.0
Belgium,2021-01-22,"Moderna, Pfizer/BioNTech",https://epistat.wiv-isp.be/covid/,241586,240437,1553,0,0.0
Belgium,2021-01-23,"Moderna, Pfizer/BioNTech",https://epistat.wiv-isp.be/covid/,250121,248959,1577,0,0.0
Belgium,2021-01-24,"Moderna, Pfizer/BioNTech",https://epistat.wiv-isp.be/covid/,252073,250877,1611,0,0.0
Belgium,2021-01-25,"Moderna, Pfizer/BioNTech",https://epistat.wiv-isp.be/covid/,263557,262332,1663,0,0.0
Belgium,2021-01-26,"Moderna, Pfizer/BioNTech",https://epistat.wiv-isp.be/covid/,276550,273543,3466,0,0.0
Belgium,2021-01-27,"Moderna, Pfizer/BioNTech",https://epistat.wiv-isp.be/covid/,293429,286957,6970,0,0.0
Belgium,2021-01-28,"Moderna, Pfizer/BioNTech",https://epistat.wiv-isp.be/covid/,317499,303078,14950,0,0.0
Belgium,2021-01-29,"Moderna, Pfizer/BioNTech",https://epistat.wiv-isp.be/covid/,339327,315685,24205,0,0.0
Belgium,2021-01-30,"Moderna, Pfizer/BioNTech",https://epistat.wiv-isp.be/covid/,343918,317347,27146,0,0.0
Belgium,2021-01-31,"Moderna, Pfizer/BioNTech",https://epistat.wiv-isp.be/covid/,344924,317997,27502,0,0.0
Belgium,2021-02-01,"Moderna, Pfizer/BioNTech",https://epistat.wiv-isp.be/covid/,352954,322036,31511,0,0.0
Belgium,2021-02-02,"Moderna, Pfizer/BioNTech",https://epistat.wiv-isp.be/covid/,377798,332369,46051,0,0.0
Belgium,2021-02-03,"Moderna, Pfizer/BioNTech",https://epistat.wiv-isp.be/covid/,408981,342689,66937,0,0.0
Belgium,2021-02-04,"Moderna, Pfizer/BioNTech",https://epistat.wiv-isp.be/covid/,443630,352796,91502,0,0.0
Belgium,2021-02-05,"Moderna, Pfizer/BioNTech",https://epistat.wiv-isp.be/covid/,474948,360989,114665,0,0.0
Belgium,2021-02-06,"Moderna, Pfizer/BioNTech",https://epistat.wiv-isp.be/covid/,481562,362249,120033,0,0.0
Belgium,2021-02-07,"Moderna, Pfizer/BioNTech",https://epistat.wiv-isp.be/covid/,485014,362591,123144,0,0.0
Belgium,2021-02-08,"Moderna, Pfizer/BioNTech",https://epistat.wiv-isp.be/covid/,495372,365004,131109,0,0.0
Belgium,2021-02-09,"Moderna, Pfizer/BioNTech",https://epistat.wiv-isp.be/covid/,523601,373284,151081,0,0.0
Belgium,2021-02-10,"Moderna, Pfizer/BioNTech",https://epistat.wiv-isp.be/covid/,549542,379921,170414,0,0.0
Belgium,2021-02-11,"Moderna, Pfizer/BioNTech",https://epistat.wiv-isp.be/covid/,586490,388330,198969,0,0.0
Belgium,2021-02-12,"Moderna, Oxford/AstraZeneca, Pfizer/BioNTech",https://epistat.wiv-isp.be/covid/,621765,395201,227412,0,0.0
Belgium,2021-02-13,"Moderna, Oxford/AstraZeneca, Pfizer/BioNTech",https://epistat.wiv-isp.be/covid/,630610,395850,235624,0,0.0
Belgium,2021-02-14,"Moderna, Oxford/AstraZeneca, Pfizer/BioNTech",https://epistat.wiv-isp.be/covid/,632653,395995,237524,0,0.0
Belgium,2021-02-15,"Moderna, Oxford/AstraZeneca, Pfizer/BioNTech",https://epistat.wiv-isp.be/covid/,646681,398193,249373,0,0.0
Belgium,2021-02-16,"Moderna, Oxford/AstraZeneca, Pfizer/BioNTech",https://epistat.wiv-isp.be/covid/,661872,402690,260084,0,0.0
Belgium,2021-02-17,"Moderna, Oxford/AstraZeneca, Pfizer/BioNTech",https://epistat.wiv-isp.be/covid/,682188,410044,273066,0,0.0
Belgium,2021-02-18,"Moderna, Oxford/AstraZeneca, Pfizer/BioNTech",https://epistat.wiv-isp.be/covid/,710401,420784,290546,0,0.0
Belgium,2021-02-19,"Moderna, Oxford/AstraZeneca, Pfizer/BioNTech",https://epistat.wiv-isp.be/covid/,741976,438947,303981,0,0.0
Belgium,2021-02-20,"Moderna, Oxford/AstraZeneca, Pfizer/BioNTech",https://epistat.wiv-isp.be/covid/,748102,443450,305618,0,0.0
Belgium,2021-02-21,"Moderna, Oxford/AstraZeneca, Pfizer/BioNTech",https://epistat.wiv-isp.be/covid/,750381,445424,305924,0,0.0
Belgium,2021-02-22,"Moderna, Oxford/AstraZeneca, Pfizer/BioNTech",https://epistat.wiv-isp.be/covid/,763335,455364,308942,0,0.0
Belgium,2021-02-23,"Moderna, Oxford/AstraZeneca, Pfizer/BioNTech",https://epistat.wiv-isp.be/covid/,783778,467465,317300,0,0.0
Belgium,2021-02-24,"Moderna, Oxford/AstraZeneca, Pfizer/BioNTech",https://epistat.wiv-isp.be/covid/,807306,482498,325814,0,0.0
Belgium,2021-02-25,"Moderna, Oxford/AstraZeneca, Pfizer/BioNTech",https://epistat.wiv-isp.be/covid/,839624,505434,335205,0,0.0
Belgium,2021-02-26,"Moderna, Oxford/AstraZeneca, Pfizer/BioNTech",https://epistat.wiv-isp.be/covid/,872114,530856,342304,0,0.0
Belgium,2021-02-27,"Moderna, Oxford/AstraZeneca, Pfizer/BioNTech",https://epistat.wiv-isp.be/covid/,876677,534556,343182,0,0.0
Belgium,2021-02-28,"Moderna, Oxford/AstraZeneca, Pfizer/BioNTech",https://epistat.wiv-isp.be/covid/,877591,535190,343462,0,0.0
Belgium,2021-03-01,"Moderna, Oxford/AstraZeneca, Pfizer/BioNTech",https://epistat.wiv-isp.be/covid/,891457,546234,346296,0,0.0
Belgium,2021-03-02,"Moderna, Oxford/AstraZeneca, Pfizer/BioNTech",https://epistat.wiv-isp.be/covid/,915509,563309,353292,0,0.0
Belgium,2021-03-03,"Moderna, Oxford/AstraZeneca, Pfizer/BioNTech",https://epistat.wiv-isp.be/covid/,946144,587673,359587,0,0.0
Belgium,2021-03-04,"Moderna, Oxford/AstraZeneca, Pfizer/BioNTech",https://epistat.wiv-isp.be/covid/,996595,629103,368623,0,0.0
Belgium,2021-03-05,"Moderna, Oxford/AstraZeneca, Pfizer/BioNTech",https://epistat.wiv-isp.be/covid/,1042124,667727,375545,0,0.0
Belgium,2021-03-06,"Moderna, Oxford/AstraZeneca, Pfizer/BioNTech",https://epistat.wiv-isp.be/covid/,1050610,675532,376246,0,0.0
Belgium,2021-03-07,"Moderna, Oxford/AstraZeneca, Pfizer/BioNTech",https://epistat.wiv-isp.be/covid/,1052212,676923,376457,0,0.0
Belgium,2021-03-08,"Moderna, Oxford/AstraZeneca, Pfizer/BioNTech",https://epistat.wiv-isp.be/covid/,1069879,692522,378539,0,0.0
Belgium,2021-03-09,"Moderna, Oxford/AstraZeneca, Pfizer/BioNTech",https://epistat.wiv-isp.be/covid/,1099227,714308,386123,0,0.0
Belgium,2021-03-10,"Moderna, Oxford/AstraZeneca, Pfizer/BioNTech",https://epistat.wiv-isp.be/covid/,1135785,741552,395470,0,0.0
Belgium,2021-03-11,"Moderna, Oxford/AstraZeneca, Pfizer/BioNTech",https://epistat.wiv-isp.be/covid/,1190550,786048,405756,0,0.0
Belgium,2021-03-12,"Moderna, Oxford/AstraZeneca, Pfizer/BioNTech",https://epistat.wiv-isp.be/covid/,1236136,817733,419692,0,0.0
Belgium,2021-03-13,"Moderna, Oxford/AstraZeneca, Pfizer/BioNTech",https://epistat.wiv-isp.be/covid/,1246253,825580,421974,0,0.0
Belgium,2021-03-14,"Moderna, Oxford/AstraZeneca, Pfizer/BioNTech",https://epistat.wiv-isp.be/covid/,1247855,825855,423304,0,0.0
Belgium,2021-03-15,"Moderna, Oxford/AstraZeneca, Pfizer/BioNTech",https://epistat.wiv-isp.be/covid/,1278986,852194,428099,0,0.0
Belgium,2021-03-16,"Moderna, Oxford/AstraZeneca, Pfizer/BioNTech",https://epistat.wiv-isp.be/covid/,1326188,895007,432499,0,0.0
Belgium,2021-03-17,"Moderna, Oxford/AstraZeneca, Pfizer/BioNTech",https://epistat.wiv-isp.be/covid/,1374254,934127,441450,0,0.0
Belgium,2021-03-18,"Moderna, Oxford/AstraZeneca, Pfizer/BioNTech",https://epistat.wiv-isp.be/covid/,1450086,993055,458359,0,0.0
Belgium,2021-03-19,"Moderna, Oxford/AstraZeneca, Pfizer/BioNTech",https://epistat.wiv-isp.be/covid/,1518480,1042317,477498,0,0.0
Belgium,2021-03-20,"Moderna, Oxford/AstraZeneca, Pfizer/BioNTech",https://epistat.wiv-isp.be/covid/,1541048,1063459,478933,0,0.0
Belgium,2021-03-21,"Moderna, Oxford/AstraZeneca, Pfizer/BioNTech",https://epistat.wiv-isp.be/covid/,1542146,1064008,479488,0,0.0
Belgium,2021-03-22,"Moderna, Oxford/AstraZeneca, Pfizer/BioNTech",https://epistat.wiv-isp.be/covid/,1575383,1091736,484999,0,0.0
Belgium,2021-03-23,"Moderna, Oxford/AstraZeneca, Pfizer/BioNTech",https://epistat.wiv-isp.be/covid/,1623866,1134286,490935,0,0.0
Belgium,2021-03-24,"Moderna, Oxford/AstraZeneca, Pfizer/BioNTech",https://epistat.wiv-isp.be/covid/,1686157,1185781,501739,0,0.0
Belgium,2021-03-25,"Moderna, Oxford/AstraZeneca, Pfizer/BioNTech",https://epistat.wiv-isp.be/covid/,1766028,1245297,522100,0,0.0
Belgium,2021-03-26,"Moderna, Oxford/AstraZeneca, Pfizer/BioNTech",https://epistat.wiv-isp.be/covid/,1836775,1296074,542077,0,0.0
Belgium,2021-03-27,"Moderna, Oxford/AstraZeneca, Pfizer/BioNTech",https://epistat.wiv-isp.be/covid/,1859571,1315004,545952,0,0.0
Belgium,2021-03-28,"Moderna, Oxford/AstraZeneca, Pfizer/BioNTech",https://epistat.wiv-isp.be/covid/,1862179,1316615,546951,0,0.0
Belgium,2021-03-29,"Moderna, Oxford/AstraZeneca, Pfizer/BioNTech",https://epistat.wiv-isp.be/covid/,1886293,1335333,552350,0,0.0
Belgium,2021-03-30,"Moderna, Oxford/AstraZeneca, Pfizer/BioNTech",https://epistat.wiv-isp.be/covid/,1918933,1362099,558232,0,0.0
Belgium,2021-03-31,"Moderna, Oxford/AstraZeneca, Pfizer/BioNTech",https://epistat.wiv-isp.be/covid/,2004392,1436034,569771,0,0.0
Belgium,2021-04-01,"Moderna, Oxford/AstraZeneca, Pfizer/BioNTech",https://epistat.wiv-isp.be/covid/,2106859,1513398,594922,0,0.0
Belgium,2021-04-02,"Moderna, Oxford/AstraZeneca, Pfizer/BioNTech",https://epistat.wiv-isp.be/covid/,2190135,1577863,614192,0,0.0
Belgium,2021-04-03,"Moderna, Oxford/AstraZeneca, Pfizer/BioNTech",https://epistat.wiv-isp.be/covid/,2211315,1597590,615696,0,0.0
Belgium,2021-04-04,"Moderna, Oxford/AstraZeneca, Pfizer/BioNTech",https://epistat.wiv-isp.be/covid/,2211644,1597778,615852,0,0.0
Belgium,2021-04-05,"Moderna, Oxford/AstraZeneca, Pfizer/BioNTech",https://epistat.wiv-isp.be/covid/,2226635,1610195,618459,0,0.0
Belgium,2021-04-06,"Moderna, Oxford/AstraZeneca, Pfizer/BioNTech",https://epistat.wiv-isp.be/covid/,2274039,1648277,627859,0,0.0
Belgium,2021-04-07,"Moderna, Oxford/AstraZeneca, Pfizer/BioNTech",https://epistat.wiv-isp.be/covid/,2322447,1686749,637933,0,0.0
Belgium,2021-04-08,"Moderna, Oxford/AstraZeneca, Pfizer/BioNTech",https://epistat.wiv-isp.be/covid/,2450360,1797615,655046,0,0.0
Belgium,2021-04-09,"Moderna, Oxford/AstraZeneca, Pfizer/BioNTech",https://epistat.wiv-isp.be/covid/,2586343,1917528,671243,0,0.0
Belgium,2021-04-10,"Moderna, Oxford/AstraZeneca, Pfizer/BioNTech",https://epistat.wiv-isp.be/covid/,2655491,1982512,675481,0,0.0
Belgium,2021-04-11,"Moderna, Oxford/AstraZeneca, Pfizer/BioNTech",https://epistat.wiv-isp.be/covid/,2659651,1986256,675916,0,0.0
Belgium,2021-04-12,"Moderna, Oxford/AstraZeneca, Pfizer/BioNTech",https://epistat.wiv-isp.be/covid/,2708896,2026319,685159,0,0.0
Belgium,2021-04-13,"Moderna, Oxford/AstraZeneca, Pfizer/BioNTech",https://epistat.wiv-isp.be/covid/,2781918,2090822,693762,0,0.0
Belgium,2021-04-14,"Moderna, Oxford/AstraZeneca, Pfizer/BioNTech",https://epistat.wiv-isp.be/covid/,2883249,2167307,718614,0,0.0
Belgium,2021-04-15,"Moderna, Oxford/AstraZeneca, Pfizer/BioNTech",https://epistat.wiv-isp.be/covid/,2995596,2252789,745482,0,0.0
Belgium,2021-04-16,"Moderna, Oxford/AstraZeneca, Pfizer/BioNTech",https://epistat.wiv-isp.be/covid/,3090163,2329817,763024,0,0.0
Belgium,2021-04-17,"Moderna, Oxford/AstraZeneca, Pfizer/BioNTech",https://epistat.wiv-isp.be/covid/,3148603,2382350,768932,0,0.0
Belgium,2021-04-18,"Moderna, Oxford/AstraZeneca, Pfizer/BioNTech",https://epistat.wiv-isp.be/covid/,3154858,2388440,769097,0,0.0
Belgium,2021-04-19,"Moderna, Oxford/AstraZeneca, Pfizer/BioNTech",https://epistat.wiv-isp.be/covid/,3216455,2445471,773665,0,0.0
Belgium,2021-04-20,"Moderna, Oxford/AstraZeneca, Pfizer/BioNTech",https://epistat.wiv-isp.be/covid/,3267241,2492850,777075,0,0.0
Belgium,2021-04-21,"Moderna, Oxford/AstraZeneca, Pfizer/BioNTech",https://epistat.wiv-isp.be/covid/,3359846,2580664,781870,0,0.0
Belgium,2021-04-22,"Moderna, Oxford/AstraZeneca, Pfizer/BioNTech",https://epistat.wiv-isp.be/covid/,3456969,2671521,788141,0,0.0
Belgium,2021-04-23,"Moderna, Oxford/AstraZeneca, Pfizer/BioNTech",https://epistat.wiv-isp.be/covid/,3529630,2736760,795566,0,0.0
Belgium,2021-04-24,"Moderna, Oxford/AstraZeneca, Pfizer/BioNTech",https://epistat.wiv-isp.be/covid/,3576336,2781543,797512,0,0.0
Belgium,2021-04-25,"Moderna, Oxford/AstraZeneca, Pfizer/BioNTech",https://epistat.wiv-isp.be/covid/,3582866,2787970,797618,0,0.0
Belgium,2021-04-26,"Moderna, Oxford/AstraZeneca, Pfizer/BioNTech",https://epistat.wiv-isp.be/covid/,3646755,2844648,804837,0,0.0
Belgium,2021-04-27,"Moderna, Oxford/AstraZeneca, Pfizer/BioNTech",https://epistat.wiv-isp.be/covid/,3700384,2883408,819742,0,0.0
Belgium,2021-04-28,"Johnson&Johnson, Moderna, Oxford/AstraZeneca, Pfizer/BioNTech",https://epistat.wiv-isp.be/covid/,3795676,2963267,835302,0,0.0
Belgium,2021-04-29,"Johnson&Johnson, Moderna, Oxford/AstraZeneca, Pfizer/BioNTech",https://epistat.wiv-isp.be/covid/,3902742,3051556,855496,0,0.0
Belgium,2021-04-30,"Johnson&Johnson, Moderna, Oxford/AstraZeneca, Pfizer/BioNTech",https://epistat.wiv-isp.be/covid/,3985684,3112446,878561,0,0.0
Belgium,2021-05-01,"Johnson&Johnson, Moderna, Oxford/AstraZeneca, Pfizer/BioNTech",https://epistat.wiv-isp.be/covid/,4033407,3152486,886775,0,0.0
Belgium,2021-05-02,"Johnson&Johnson, Moderna, Oxford/AstraZeneca, Pfizer/BioNTech",https://epistat.wiv-isp.be/covid/,4037298,3156162,887021,0,0.0
Belgium,2021-05-03,"Johnson&Johnson, Moderna, Oxford/AstraZeneca, Pfizer/BioNTech",https://epistat.wiv-isp.be/covid/,4116729,3222944,902337,0,0.0
Belgium,2021-05-04,"Johnson&Johnson, Moderna, Oxford/AstraZeneca, Pfizer/BioNTech",https://epistat.wiv-isp.be/covid/,4200704,3290883,921723,0,0.0
Belgium,2021-05-05,"Johnson&Johnson, Moderna, Oxford/AstraZeneca, Pfizer/BioNTech",https://epistat.wiv-isp.be/covid/,4356432,3375707,996418,0,0.0
Belgium,2021-05-06,"Johnson&Johnson, Moderna, Oxford/AstraZeneca, Pfizer/BioNTech",https://epistat.wiv-isp.be/covid/,4519130,3464716,1075102,0,0.0
Belgium,2021-05-07,"Johnson&Johnson, Moderna, Oxford/AstraZeneca, Pfizer/BioNTech",https://epistat.wiv-isp.be/covid/,4675595,3566034,1134876,0,0.0
Belgium,2021-05-08,"Johnson&Johnson, Moderna, Oxford/AstraZeneca, Pfizer/BioNTech",https://epistat.wiv-isp.be/covid/,4766538,3647122,1146496,0,0.0
Belgium,2021-05-09,"Johnson&Johnson, Moderna, Oxford/AstraZeneca, Pfizer/BioNTech",https://epistat.wiv-isp.be/covid/,4774794,3655183,1146741,0,0.0
Belgium,2021-05-10,"Johnson&Johnson, Moderna, Oxford/AstraZeneca, Pfizer/BioNTech",https://epistat.wiv-isp.be/covid/,4859117,3734642,1153040,0,0.0
Belgium,2021-05-11,"Johnson&Johnson, Moderna, Oxford/AstraZeneca, Pfizer/BioNTech",https://epistat.wiv-isp.be/covid/,4928632,3793916,1164580,0,0.0
Belgium,2021-05-12,"Johnson&Johnson, Moderna, Oxford/AstraZeneca, Pfizer/BioNTech",https://epistat.wiv-isp.be/covid/,5022583,3859380,1194420,0,0.0
Belgium,2021-05-13,"Johnson&Johnson, Moderna, Oxford/AstraZeneca, Pfizer/BioNTech",https://epistat.wiv-isp.be/covid/,5142200,3898250,1275554,0,0.0
Belgium,2021-05-14,"Johnson&Johnson, Moderna, Oxford/AstraZeneca, Pfizer/BioNTech",https://epistat.wiv-isp.be/covid/,5288450,3940902,1380305,0,0.0
Belgium,2021-05-15,"Johnson&Johnson, Moderna, Oxford/AstraZeneca, Pfizer/BioNTech",https://epistat.wiv-isp.be/covid/,5376993,3974057,1436032,0,0.0
Belgium,2021-05-16,"Johnson&Johnson, Moderna, Oxford/AstraZeneca, Pfizer/BioNTech",https://epistat.wiv-isp.be/covid/,5383350,3976505,1439984,0,0.0
Belgium,2021-05-17,"Johnson&Johnson, Moderna, Oxford/AstraZeneca, Pfizer/BioNTech",https://epistat.wiv-isp.be/covid/,5492870,4063350,1466271,0,0.0
Belgium,2021-05-18,"Johnson&Johnson, Moderna, Oxford/AstraZeneca, Pfizer/BioNTech",https://epistat.wiv-isp.be/covid/,5626952,4166404,1500443,0,0.0
Belgium,2021-05-19,"Johnson&Johnson, Moderna, Oxford/AstraZeneca, Pfizer/BioNTech",https://epistat.wiv-isp.be/covid/,5769271,4245095,1568333,0,0.0
Belgium,2021-05-20,"Johnson&Johnson, Moderna, Oxford/AstraZeneca, Pfizer/BioNTech",https://epistat.wiv-isp.be/covid/,5917108,4314859,1651840,0,0.0
Belgium,2021-05-21,"Johnson&Johnson, Moderna, Oxford/AstraZeneca, Pfizer/BioNTech",https://epistat.wiv-isp.be/covid/,6046386,4385401,1714398,0,0.0
Belgium,2021-05-22,"Johnson&Johnson, Moderna, Oxford/AstraZeneca, Pfizer/BioNTech",https://epistat.wiv-isp.be/covid/,6136006,4430076,1759953,0,0.0
Belgium,2021-05-23,"Johnson&Johnson, Moderna, Oxford/AstraZeneca, Pfizer/BioNTech",https://epistat.wiv-isp.be/covid/,6145926,4437137,1762875,0,0.0
Belgium,2021-05-24,"Johnson&Johnson, Moderna, Oxford/AstraZeneca, Pfizer/BioNTech",https://epistat.wiv-isp.be/covid/,6208503,4463956,1799685,0,0.0
Belgium,2021-05-25,"Johnson&Johnson, Moderna, Oxford/AstraZeneca, Pfizer/BioNTech",https://epistat.wiv-isp.be/covid/,6309254,4524113,1847310,0,0.0
Belgium,2021-05-26,"Johnson&Johnson, Moderna, Oxford/AstraZeneca, Pfizer/BioNTech",https://epistat.wiv-isp.be/covid/,6432775,4560371,1939652,0,0.0
Belgium,2021-05-27,"Johnson&Johnson, Moderna, Oxford/AstraZeneca, Pfizer/BioNTech",https://epistat.wiv-isp.be/covid/,6573611,4602070,2043203,0,0.0
Belgium,2021-05-28,"Johnson&Johnson, Moderna, Oxford/AstraZeneca, Pfizer/BioNTech",https://epistat.wiv-isp.be/covid/,6686851,4641440,2120964,0,0.0
Belgium,2021-05-29,"Johnson&Johnson, Moderna, Oxford/AstraZeneca, Pfizer/BioNTech",https://epistat.wiv-isp.be/covid/,6778476,4684866,2171646,0,0.0
Belgium,2021-05-30,"Johnson&Johnson, Moderna, Oxford/AstraZeneca, Pfizer/BioNTech",https://epistat.wiv-isp.be/covid/,6790295,4689481,2179005,0,0.0
Belgium,2021-05-31,"Johnson&Johnson, Moderna, Oxford/AstraZeneca, Pfizer/BioNTech",https://epistat.wiv-isp.be/covid/,6911368,4755733,2237154,0,0.0
Belgium,2021-06-01,"Johnson&Johnson, Moderna, Oxford/AstraZeneca, Pfizer/BioNTech",https://epistat.wiv-isp.be/covid/,7015413,4820372,2285545,0,0.0
Belgium,2021-06-02,"Johnson&Johnson, Moderna, Oxford/AstraZeneca, Pfizer/BioNTech",https://epistat.wiv-isp.be/covid/,7184582,4901759,2376485,0,0.0
Belgium,2021-06-03,"Johnson&Johnson, Moderna, Oxford/AstraZeneca, Pfizer/BioNTech",https://epistat.wiv-isp.be/covid/,7372505,4995114,2474412,0,0.0
Belgium,2021-06-04,"Johnson&Johnson, Moderna, Oxford/AstraZeneca, Pfizer/BioNTech",https://epistat.wiv-isp.be/covid/,7526487,5077453,2548833,0,0.0
Belgium,2021-06-05,"Johnson&Johnson, Moderna, Oxford/AstraZeneca, Pfizer/BioNTech",https://epistat.wiv-isp.be/covid/,7666172,5167018,2600885,0,0.0
Belgium,2021-06-06,"Johnson&Johnson, Moderna, Oxford/AstraZeneca, Pfizer/BioNTech",https://epistat.wiv-isp.be/covid/,7697763,5193095,2606949,0,0.0
Belgium,2021-06-07,"Johnson&Johnson, Moderna, Oxford/AstraZeneca, Pfizer/BioNTech",https://epistat.wiv-isp.be/covid/,7867191,5293088,2684945,0,0.0
Belgium,2021-06-08,"Johnson&Johnson, Moderna, Oxford/AstraZeneca, Pfizer/BioNTech",https://epistat.wiv-isp.be/covid/,8016920,5377522,2766452,0,0.0
Belgium,2021-06-09,"Johnson&Johnson, Moderna, Oxford/AstraZeneca, Pfizer/BioNTech",https://epistat.wiv-isp.be/covid/,8214559,5471237,2876816,0,0.0
Belgium,2021-06-10,"Johnson&Johnson, Moderna, Oxford/AstraZeneca, Pfizer/BioNTech",https://epistat.wiv-isp.be/covid/,8410576,5553089,2995588,0,0.0
Belgium,2021-06-11,"Johnson&Johnson, Moderna, Oxford/AstraZeneca, Pfizer/BioNTech",https://epistat.wiv-isp.be/covid/,8607280,5642473,3106380,0,0.0
Belgium,2021-06-12,"Johnson&Johnson, Moderna, Oxford/AstraZeneca, Pfizer/BioNTech",https://epistat.wiv-isp.be/covid/,8751107,5721352,3178198,0,0.0
Belgium,2021-06-13,"Johnson&Johnson, Moderna, Oxford/AstraZeneca, Pfizer/BioNTech",https://epistat.wiv-isp.be/covid/,8775420,5737309,3186996,0,0.0
Belgium,2021-06-14,"Johnson&Johnson, Moderna, Oxford/AstraZeneca, Pfizer/BioNTech",https://epistat.wiv-isp.be/covid/,8930207,5816137,3276383,0,0.0
Belgium,2021-06-15,"Johnson&Johnson, Moderna, Oxford/AstraZeneca, Pfizer/BioNTech",https://epistat.wiv-isp.be/covid/,9082119,5910564,3360325,0,0.0
Belgium,2021-06-16,"Johnson&Johnson, Moderna, Oxford/AstraZeneca, Pfizer/BioNTech",https://epistat.wiv-isp.be/covid/,9266681,6032162,3439778,0,0.0
Belgium,2021-06-17,"Johnson&Johnson, Moderna, Oxford/AstraZeneca, Pfizer/BioNTech",https://epistat.wiv-isp.be/covid/,9456672,6170173,3496625,0,0.0
Belgium,2021-06-18,"Johnson&Johnson, Moderna, Oxford/AstraZeneca, Pfizer/BioNTech",https://epistat.wiv-isp.be/covid/,9650433,6309096,3557026,0,0.0
Belgium,2021-06-19,"Johnson&Johnson, Moderna, Oxford/AstraZeneca, Pfizer/BioNTech",https://epistat.wiv-isp.be/covid/,9776961,6405832,3589305,0,0.0
Belgium,2021-06-20,"Johnson&Johnson, Moderna, Oxford/AstraZeneca, Pfizer/BioNTech",https://epistat.wiv-isp.be/covid/,9809549,6436887,3591322,0,0.0
Belgium,2021-06-21,"Johnson&Johnson, Moderna, Oxford/AstraZeneca, Pfizer/BioNTech",https://epistat.wiv-isp.be/covid/,9928871,6520214,3630382,0,0.0
Belgium,2021-06-22,"Johnson&Johnson, Moderna, Oxford/AstraZeneca, Pfizer/BioNTech",https://epistat.wiv-isp.be/covid/,10038131,6582183,3686847,0,0.0
Belgium,2021-06-23,"Johnson&Johnson, Moderna, Oxford/AstraZeneca, Pfizer/BioNTech",https://epistat.wiv-isp.be/covid/,10223099,6705718,3751661,0,0.0
Belgium,2021-06-24,"Johnson&Johnson, Moderna, Oxford/AstraZeneca, Pfizer/BioNTech",https://epistat.wiv-isp.be/covid/,10405579,6832261,3813263,0,0.0
Belgium,2021-06-25,"Johnson&Johnson, Moderna, Oxford/AstraZeneca, Pfizer/BioNTech",https://epistat.wiv-isp.be/covid/,10571208,6950556,3865807,0,0.0
Belgium,2021-06-26,"Johnson&Johnson, Moderna, Oxford/AstraZeneca, Pfizer/BioNTech",https://epistat.wiv-isp.be/covid/,10687013,7021653,3916249,0,0.0
Belgium,2021-06-27,"Johnson&Johnson, Moderna, Oxford/AstraZeneca, Pfizer/BioNTech",https://epistat.wiv-isp.be/covid/,10722136,7050393,3923382,0,0.0
Belgium,2021-06-28,"Johnson&Johnson, Moderna, Oxford/AstraZeneca, Pfizer/BioNTech",https://epistat.wiv-isp.be/covid/,10843313,7119542,3979340,0,0.0
Belgium,2021-06-29,"Johnson&Johnson, Moderna, Oxford/AstraZeneca, Pfizer/BioNTech",https://epistat.wiv-isp.be/covid/,10965531,7178003,4049072,0,0.0
Belgium,2021-06-30,"Johnson&Johnson, Moderna, Oxford/AstraZeneca, Pfizer/BioNTech",https://epistat.wiv-isp.be/covid/,11091496,7263557,4096324,0,0.0
Belgium,2021-07-01,"Johnson&Johnson, Moderna, Oxford/AstraZeneca, Pfizer/BioNTech",https://epistat.wiv-isp.be/covid/,11229076,7355907,4145865,0,0.0
Belgium,2021-07-02,"Johnson&Johnson, Moderna, Oxford/AstraZeneca, Pfizer/BioNTech",https://epistat.wiv-isp.be/covid/,11344109,7432786,4187866,0,0.0
Belgium,2021-07-03,"Johnson&Johnson, Moderna, Oxford/AstraZeneca, Pfizer/BioNTech",https://epistat.wiv-isp.be/covid/,11433583,7470553,4240518,0,0.0
Belgium,2021-07-04,"Johnson&Johnson, Moderna, Oxford/AstraZeneca, Pfizer/BioNTech",https://epistat.wiv-isp.be/covid/,11448232,7478221,4247572,0,0.0
Belgium,2021-07-05,"Johnson&Johnson, Moderna, Oxford/AstraZeneca, Pfizer/BioNTech",https://epistat.wiv-isp.be/covid/,11569378,7503076,4347199,0,0.0
Belgium,2021-07-06,"Johnson&Johnson, Moderna, Oxford/AstraZeneca, Pfizer/BioNTech",https://epistat.wiv-isp.be/covid/,11685744,7526096,4442896,0,0.0
Belgium,2021-07-07,"Johnson&Johnson, Moderna, Oxford/AstraZeneca, Pfizer/BioNTech",https://epistat.wiv-isp.be/covid/,11846257,7565275,4567352,0,0.0
Belgium,2021-07-08,"Johnson&Johnson, Moderna, Oxford/AstraZeneca, Pfizer/BioNTech",https://epistat.wiv-isp.be/covid/,12012443,7602654,4699716,0,0.0
Belgium,2021-07-09,"Johnson&Johnson, Moderna, Oxford/AstraZeneca, Pfizer/BioNTech",https://epistat.wiv-isp.be/covid/,12161120,7638736,4814462,0,0.0
Belgium,2021-07-10,"Johnson&Johnson, Moderna, Oxford/AstraZeneca, Pfizer/BioNTech",https://epistat.wiv-isp.be/covid/,12291179,7658586,4926062,0,0.0
Belgium,2021-07-11,"Johnson&Johnson, Moderna, Oxford/AstraZeneca, Pfizer/BioNTech",https://epistat.wiv-isp.be/covid/,12322572,7663015,4953302,0,0.0
Belgium,2021-07-12,"Johnson&Johnson, Moderna, Oxford/AstraZeneca, Pfizer/BioNTech",https://epistat.wiv-isp.be/covid/,12469483,7688947,5077010,0,0.0
Belgium,2021-07-13,"Johnson&Johnson, Moderna, Oxford/AstraZeneca, Pfizer/BioNTech",https://epistat.wiv-isp.be/covid/,12587613,7716915,5171599,0,0.0
Belgium,2021-07-14,"Johnson&Johnson, Moderna, Oxford/AstraZeneca, Pfizer/BioNTech",https://epistat.wiv-isp.be/covid/,12735863,7752277,5287800,0,0.0
Belgium,2021-07-15,"Johnson&Johnson, Moderna, Oxford/AstraZeneca, Pfizer/BioNTech",https://epistat.wiv-isp.be/covid/,12872184,7784349,5395390,0,0.0
Belgium,2021-07-16,"Johnson&Johnson, Moderna, Oxford/AstraZeneca, Pfizer/BioNTech",https://epistat.wiv-isp.be/covid/,13010831,7814913,5506740,0,0.0
Belgium,2021-07-17,"Johnson&Johnson, Moderna, Oxford/AstraZeneca, Pfizer/BioNTech",https://epistat.wiv-isp.be/covid/,13113400,7833879,5592017,0,0.0
Belgium,2021-07-18,"Johnson&Johnson, Moderna, Oxford/AstraZeneca, Pfizer/BioNTech",https://epistat.wiv-isp.be/covid/,13128503,7837357,5604188,0,0.0
Belgium,2021-07-19,"Johnson&Johnson, Moderna, Oxford/AstraZeneca, Pfizer/BioNTech",https://epistat.wiv-isp.be/covid/,13258032,7857907,5714794,0,0.0
Belgium,2021-07-20,"Johnson&Johnson, Moderna, Oxford/AstraZeneca, Pfizer/BioNTech",https://epistat.wiv-isp.be/covid/,13380672,7884423,5813005,0,0.0
Belgium,2021-07-21,"Johnson&Johnson, Moderna, Oxford/AstraZeneca, Pfizer/BioNTech",https://epistat.wiv-isp.be/covid/,13481755,7898520,5901440,0,0.0
Belgium,2021-07-22,"Johnson&Johnson, Moderna, Oxford/AstraZeneca, Pfizer/BioNTech",https://epistat.wiv-isp.be/covid/,13667437,7926590,6060963,0,0.0
Belgium,2021-07-23,"Johnson&Johnson, Moderna, Oxford/AstraZeneca, Pfizer/BioNTech",https://epistat.wiv-isp.be/covid/,13831326,7951612,6202491,0,0.0
Belgium,2021-07-24,"Johnson&Johnson, Moderna, Oxford/AstraZeneca, Pfizer/BioNTech",https://epistat.wiv-isp.be/covid/,13929493,7967932,6285469,0,0.0
Belgium,2021-07-25,"Johnson&Johnson, Moderna, Oxford/AstraZeneca, Pfizer/BioNTech",https://epistat.wiv-isp.be/covid/,13943707,7969610,6298317,0,0.0
Belgium,2021-07-26,"Johnson&Johnson, Moderna, Oxford/AstraZeneca, Pfizer/BioNTech",https://epistat.wiv-isp.be/covid/,14062526,7991321,6397381,0,0.0
Belgium,2021-07-27,"Johnson&Johnson, Moderna, Oxford/AstraZeneca, Pfizer/BioNTech",https://epistat.wiv-isp.be/covid/,14173944,8014055,6488289,0,0.0
Belgium,2021-07-28,"Johnson&Johnson, Moderna, Oxford/AstraZeneca, Pfizer/BioNTech",https://epistat.wiv-isp.be/covid/,14332743,8042662,6619809,0,0.0
Belgium,2021-07-29,"Johnson&Johnson, Moderna, Oxford/AstraZeneca, Pfizer/BioNTech",https://epistat.wiv-isp.be/covid/,14481118,8067213,6744978,0,0.0
Belgium,2021-07-30,"Johnson&Johnson, Moderna, Oxford/AstraZeneca, Pfizer/BioNTech",https://epistat.wiv-isp.be/covid/,14624234,8093466,6863429,0,0.0
Belgium,2021-07-31,"Johnson&Johnson, Moderna, Oxford/AstraZeneca, Pfizer/BioNTech",https://epistat.wiv-isp.be/covid/,14710595,8109906,6934529,0,0.0
Belgium,2021-08-01,"Johnson&Johnson, Moderna, Oxford/AstraZeneca, Pfizer/BioNTech",https://epistat.wiv-isp.be/covid/,14723017,8112180,6944768,0,0.0
Belgium,2021-08-02,"Johnson&Johnson, Moderna, Oxford/AstraZeneca, Pfizer/BioNTech",https://epistat.wiv-isp.be/covid/,14829943,8132016,7032902,0,0.0
Belgium,2021-08-03,"Johnson&Johnson, Moderna, Oxford/AstraZeneca, Pfizer/BioNTech",https://epistat.wiv-isp.be/covid/,14923746,8155259,7105435,0,0.0
Belgium,2021-08-04,"Johnson&Johnson, Moderna, Oxford/AstraZeneca, Pfizer/BioNTech",https://epistat.wiv-isp.be/covid/,15041719,8187321,7192907,0,0.0
Belgium,2021-08-05,"Johnson&Johnson, Moderna, Oxford/AstraZeneca, Pfizer/BioNTech",https://epistat.wiv-isp.be/covid/,15157794,8213188,7284810,0,0.0
Belgium,2021-08-06,"Johnson&Johnson, Moderna, Oxford/AstraZeneca, Pfizer/BioNTech",https://epistat.wiv-isp.be/covid/,15270240,8239239,7372994,0,0.0
Belgium,2021-08-07,"Johnson&Johnson, Moderna, Oxford/AstraZeneca, Pfizer/BioNTech",https://epistat.wiv-isp.be/covid/,15329842,8261280,7411936,0,0.0
Belgium,2021-08-08,"Johnson&Johnson, Moderna, Oxford/AstraZeneca, Pfizer/BioNTech",https://epistat.wiv-isp.be/covid/,15336624,8262822,7417360,0,0.0
Belgium,2021-08-09,"Johnson&Johnson, Moderna, Oxford/AstraZeneca, Pfizer/BioNTech",https://epistat.wiv-isp.be/covid/,15407491,8281991,7470501,0,0.0
Belgium,2021-08-10,"Johnson&Johnson, Moderna, Oxford/AstraZeneca, Pfizer/BioNTech",https://epistat.wiv-isp.be/covid/,15487999,8298197,7536700,0,0.0
Belgium,2021-08-11,"Johnson&Johnson, Moderna, Oxford/AstraZeneca, Pfizer/BioNTech",https://epistat.wiv-isp.be/covid/,15565452,8314706,7599007,0,0.0
Belgium,2021-08-12,"Johnson&Johnson, Moderna, Oxford/AstraZeneca, Pfizer/BioNTech",https://epistat.wiv-isp.be/covid/,15642088,8331861,7659842,0,0.0
Belgium,2021-08-13,"Johnson&Johnson, Moderna, Oxford/AstraZeneca, Pfizer/BioNTech",https://epistat.wiv-isp.be/covid/,15703706,8346100,7708053,0,0.0
Belgium,2021-08-14,"Johnson&Johnson, Moderna, Oxford/AstraZeneca, Pfizer/BioNTech",https://epistat.wiv-isp.be/covid/,15731439,8352920,7729647,0,0.0
Belgium,2021-08-15,"Johnson&Johnson, Moderna, Oxford/AstraZeneca, Pfizer/BioNTech",https://epistat.wiv-isp.be/covid/,15733493,8353215,7731433,0,0.0
Belgium,2021-08-16,"Johnson&Johnson, Moderna, Oxford/AstraZeneca, Pfizer/BioNTech",https://epistat.wiv-isp.be/covid/,15773452,8361422,7764323,0,0.0
Belgium,2021-08-17,"Johnson&Johnson, Moderna, Oxford/AstraZeneca, Pfizer/BioNTech",https://epistat.wiv-isp.be/covid/,15819768,8373866,7799864,0,0.0
Belgium,2021-08-18,"Johnson&Johnson, Moderna, Oxford/AstraZeneca, Pfizer/BioNTech",https://epistat.wiv-isp.be/covid/,15871895,8385390,7841551,0,0.0
Belgium,2021-08-19,"Johnson&Johnson, Moderna, Oxford/AstraZeneca, Pfizer/BioNTech",https://epistat.wiv-isp.be/covid/,15921197,8395143,7882065,0,0.0
Belgium,2021-08-20,"Johnson&Johnson, Moderna, Oxford/AstraZeneca, Pfizer/BioNTech",https://epistat.wiv-isp.be/covid/,15964249,8404548,7916688,0,0.0
Belgium,2021-08-21,"Johnson&Johnson, Moderna, Oxford/AstraZeneca, Pfizer/BioNTech",https://epistat.wiv-isp.be/covid/,15989079,8411297,7935336,0,0.0
Belgium,2021-08-22,"Johnson&Johnson, Moderna, Oxford/AstraZeneca, Pfizer/BioNTech",https://epistat.wiv-isp.be/covid/,15992220,8411532,7938254,0,0.0
Belgium,2021-08-23,"Johnson&Johnson, Moderna, Oxford/AstraZeneca, Pfizer/BioNTech",https://epistat.wiv-isp.be/covid/,16033335,8420260,7971571,0,0.0
Belgium,2021-08-24,"Johnson&Johnson, Moderna, Oxford/AstraZeneca, Pfizer/BioNTech",https://epistat.wiv-isp.be/covid/,16073331,8428677,8004805,0,0.0
Belgium,2021-08-25,"Johnson&Johnson, Moderna, Oxford/AstraZeneca, Pfizer/BioNTech",https://epistat.wiv-isp.be/covid/,16117065,8438678,8039678,0,0.0
Belgium,2021-08-26,"Johnson&Johnson, Moderna, Oxford/AstraZeneca, Pfizer/BioNTech",https://epistat.wiv-isp.be/covid/,16166176,8449062,8079294,0,0.0
Belgium,2021-08-27,"Johnson&Johnson, Moderna, Oxford/AstraZeneca, Pfizer/BioNTech",https://epistat.wiv-isp.be/covid/,16205912,8456460,8112466,0,0.0
Belgium,2021-08-28,"Johnson&Johnson, Moderna, Oxford/AstraZeneca, Pfizer/BioNTech",https://epistat.wiv-isp.be/covid/,16240736,8463729,8140530,0,0.0
Belgium,2021-08-29,"Johnson&Johnson, Moderna, Oxford/AstraZeneca, Pfizer/BioNTech",https://epistat.wiv-isp.be/covid/,16242177,8463820,8141890,0,0.0
Belgium,2021-08-30,"Johnson&Johnson, Moderna, Oxford/AstraZeneca, Pfizer/BioNTech",https://epistat.wiv-isp.be/covid/,16274742,8470420,8168577,0,0.0
Belgium,2021-08-31,"Johnson&Johnson, Moderna, Oxford/AstraZeneca, Pfizer/BioNTech",https://epistat.wiv-isp.be/covid/,16314287,8481747,8198367,0,0.0
Belgium,2021-09-01,"Johnson&Johnson, Moderna, Oxford/AstraZeneca, Pfizer/BioNTech",https://epistat.wiv-isp.be/covid/,16335846,8488513,8214115,0,0.0
Belgium,2021-09-02,"Johnson&Johnson, Moderna, Oxford/AstraZeneca, Pfizer/BioNTech",https://epistat.wiv-isp.be/covid/,16353126,8494914,8225814,0,0.0
Belgium,2021-09-03,"Johnson&Johnson, Moderna, Oxford/AstraZeneca, Pfizer/BioNTech",https://epistat.wiv-isp.be/covid/,16378194,8502968,8243857,0,0.0
Belgium,2021-09-04,"Johnson&Johnson, Moderna, Oxford/AstraZeneca, Pfizer/BioNTech",https://epistat.wiv-isp.be/covid/,16408595,8513779,8264458,0,0.0
Belgium,2021-09-05,"Johnson&Johnson, Moderna, Oxford/AstraZeneca, Pfizer/BioNTech",https://epistat.wiv-isp.be/covid/,16410036,8514870,8264888,0,0.0
Belgium,2021-09-06,"Johnson&Johnson, Moderna, Oxford/AstraZeneca, Pfizer/BioNTech",https://epistat.wiv-isp.be/covid/,16416520,8517692,8268951,0,0.0
Belgium,2021-09-07,"Johnson&Johnson, Moderna, Oxford/AstraZeneca, Pfizer/BioNTech",https://epistat.wiv-isp.be/covid/,16426549,8521615,8275651,0,0.0
Belgium,2021-09-08,"Johnson&Johnson, Moderna, Oxford/AstraZeneca, Pfizer/BioNTech",https://epistat.wiv-isp.be/covid/,16453286,8532523,8292601,0,0.0
Belgium,2021-09-09,"Johnson&Johnson, Moderna, Oxford/AstraZeneca, Pfizer/BioNTech",https://epistat.wiv-isp.be/covid/,16464702,8536669,8300550,181,0.0
Belgium,2021-09-10,"Johnson&Johnson, Moderna, Oxford/AstraZeneca, Pfizer/BioNTech",https://epistat.wiv-isp.be/covid/,16483232,8544534,8312048,365,0.0
Belgium,2021-09-11,"Johnson&Johnson, Moderna, Oxford/AstraZeneca, Pfizer/BioNTech",https://epistat.wiv-isp.be/covid/,16505971,8553545,8326752,446,0.0
Belgium,2021-09-12,"Johnson&Johnson, Moderna, Oxford/AstraZeneca, Pfizer/BioNTech",https://epistat.wiv-isp.be/covid/,16507414,8554206,8327585,455,0.0
Belgium,2021-09-13,"Johnson&Johnson, Moderna, Oxford/AstraZeneca, Pfizer/BioNTech",https://epistat.wiv-isp.be/covid/,16516118,8557186,8333730,858,0.0
Belgium,2021-09-14,"Johnson&Johnson, Moderna, Oxford/AstraZeneca, Pfizer/BioNTech",https://epistat.wiv-isp.be/covid/,16521261,8559286,8337092,1199,0.0
Belgium,2021-09-15,"Johnson&Johnson, Moderna, Oxford/AstraZeneca, Pfizer/BioNTech",https://epistat.wiv-isp.be/covid/,16539038,8566011,8348222,2267,0.0
Belgium,2021-09-16,"Johnson&Johnson, Moderna, Oxford/AstraZeneca, Pfizer/BioNTech",https://epistat.wiv-isp.be/covid/,16553447,8570925,8357484,4261,0.0
Belgium,2021-09-17,"Johnson&Johnson, Moderna, Oxford/AstraZeneca, Pfizer/BioNTech",https://epistat.wiv-isp.be/covid/,16575657,8578311,8367942,9747,0.0
Belgium,2021-09-18,"Johnson&Johnson, Moderna, Oxford/AstraZeneca, Pfizer/BioNTech",https://epistat.wiv-isp.be/covid/,16603534,8586149,8382154,16715,0.0
Belgium,2021-09-19,"Johnson&Johnson, Moderna, Oxford/AstraZeneca, Pfizer/BioNTech",https://epistat.wiv-isp.be/covid/,16604020,8586487,8382387,16759,0.0
Belgium,2021-09-20,"Johnson&Johnson, Moderna, Oxford/AstraZeneca, Pfizer/BioNTech",https://epistat.wiv-isp.be/covid/,16612763,8589554,8386012,19351,0.0
Belgium,2021-09-21,"Johnson&Johnson, Moderna, Oxford/AstraZeneca, Pfizer/BioNTech",https://epistat.wiv-isp.be/covid/,16628997,8594458,8392782,25065,0.0
Belgium,2021-09-22,"Johnson&Johnson, Moderna, Oxford/AstraZeneca, Pfizer/BioNTech",https://epistat.wiv-isp.be/covid/,16659672,8601559,8404237,38400,0.0
Belgium,2021-09-23,"Johnson&Johnson, Moderna, Oxford/AstraZeneca, Pfizer/BioNTech",https://epistat.wiv-isp.be/covid/,16679959,8606311,8411692,47833,0.0
Belgium,2021-09-24,"Johnson&Johnson, Moderna, Oxford/AstraZeneca, Pfizer/BioNTech",https://epistat.wiv-isp.be/covid/,16706505,8613443,8420479,59526,0.0
Belgium,2021-09-25,"Johnson&Johnson, Moderna, Oxford/AstraZeneca, Pfizer/BioNTech",https://epistat.wiv-isp.be/covid/,16746943,8622081,8438521,74714,0.0
Belgium,2021-09-26,"Johnson&Johnson, Moderna, Oxford/AstraZeneca, Pfizer/BioNTech",https://epistat.wiv-isp.be/covid/,16748230,8622737,8439411,74789,0.0
Belgium,2021-09-27,"Johnson&Johnson, Moderna, Oxford/AstraZeneca, Pfizer/BioNTech",https://epistat.wiv-isp.be/covid/,16762895,8625491,8443586,83150,0.0
Belgium,2021-09-28,"Johnson&Johnson, Moderna, Oxford/AstraZeneca, Pfizer/BioNTech",https://epistat.wiv-isp.be/covid/,16786177,8629949,8449095,97567,0.0
Belgium,2021-09-29,"Johnson&Johnson, Moderna, Oxford/AstraZeneca, Pfizer/BioNTech",https://epistat.wiv-isp.be/covid/,16830356,8637369,8463580,120973,0.0
Belgium,2021-09-30,"Johnson&Johnson, Moderna, Oxford/AstraZeneca, Pfizer/BioNTech",https://epistat.wiv-isp.be/covid/,16859726,8642071,8470794,139277,0.0
Belgium,2021-10-01,"Johnson&Johnson, Moderna, Oxford/AstraZeneca, Pfizer/BioNTech",https://epistat.wiv-isp.be/covid/,16889174,8649235,8478771,154436,0.0
Belgium,2021-10-02,"Johnson&Johnson, Moderna, Oxford/AstraZeneca, Pfizer/BioNTech",https://epistat.wiv-isp.be/covid/,16918614,8655749,8489028,167722,0.0
Belgium,2021-10-03,"Johnson&Johnson, Moderna, Oxford/AstraZeneca, Pfizer/BioNTech",https://epistat.wiv-isp.be/covid/,16919769,8656046,8489470,168160,0.0
Belgium,2021-10-04,"Johnson&Johnson, Moderna, Oxford/AstraZeneca, Pfizer/BioNTech",https://epistat.wiv-isp.be/covid/,16933975,8658573,8492470,177273,0.0
Belgium,2021-10-05,"Johnson&Johnson, Moderna, Oxford/AstraZeneca, Pfizer/BioNTech",https://epistat.wiv-isp.be/covid/,16953669,8662395,8495093,190995,0.0
Belgium,2021-10-06,"Johnson&Johnson, Moderna, Oxford/AstraZeneca, Pfizer/BioNTech",https://epistat.wiv-isp.be/covid/,16995463,8667458,8501485,221868,0.0
Belgium,2021-10-07,"Johnson&Johnson, Moderna, Oxford/AstraZeneca, Pfizer/BioNTech",https://epistat.wiv-isp.be/covid/,17041863,8671658,8505885,260404,0.0
Belgium,2021-10-08,"Johnson&Johnson, Moderna, Oxford/AstraZeneca, Pfizer/BioNTech",https://epistat.wiv-isp.be/covid/,17081756,8676252,8513292,289068,0.0
Belgium,2021-10-09,"Johnson&Johnson, Moderna, Oxford/AstraZeneca, Pfizer/BioNTech",https://epistat.wiv-isp.be/covid/,17110107,8681307,8522776,304018,0.0
Belgium,2021-10-10,"Johnson&Johnson, Moderna, Oxford/AstraZeneca, Pfizer/BioNTech",https://epistat.wiv-isp.be/covid/,17111295,8681539,8522960,304809,0.0
Belgium,2021-10-11,"Johnson&Johnson, Moderna, Oxford/AstraZeneca, Pfizer/BioNTech",https://epistat.wiv-isp.be/covid/,17131516,8684139,8526137,319629,0.0
Belgium,2021-10-12,"Johnson&Johnson, Moderna, Oxford/AstraZeneca, Pfizer/BioNTech",https://epistat.wiv-isp.be/covid/,17167035,8687900,8530412,347683,0.0
Belgium,2021-10-13,"Johnson&Johnson, Moderna, Oxford/AstraZeneca, Pfizer/BioNTech",https://epistat.wiv-isp.be/covid/,17210939,8692390,8537991,380318,0.0
Belgium,2021-10-14,"Johnson&Johnson, Moderna, Oxford/AstraZeneca, Pfizer/BioNTech",https://epistat.wiv-isp.be/covid/,17251368,8697032,8542160,412656,0.0
Belgium,2021-10-15,"Johnson&Johnson, Moderna, Oxford/AstraZeneca, Pfizer/BioNTech",https://epistat.wiv-isp.be/covid/,17285047,8701776,8550471,434304,0.0
Belgium,2021-10-16,"Johnson&Johnson, Moderna, Oxford/AstraZeneca, Pfizer/BioNTech",https://epistat.wiv-isp.be/covid/,17306762,8706103,8557992,444840,0.0
Belgium,2021-10-17,"Johnson&Johnson, Moderna, Oxford/AstraZeneca, Pfizer/BioNTech",https://epistat.wiv-isp.be/covid/,17307960,8706428,8558140,445576,0.0
Belgium,2021-10-18,"Johnson&Johnson, Moderna, Oxford/AstraZeneca, Pfizer/BioNTech",https://epistat.wiv-isp.be/covid/,17319969,8709210,8560666,452775,0.0
Belgium,2021-10-19,"Johnson&Johnson, Moderna, Oxford/AstraZeneca, Pfizer/BioNTech",https://epistat.wiv-isp.be/covid/,17343105,8712735,8563687,469966,0.0
Belgium,2021-10-20,"Johnson&Johnson, Moderna, Oxford/AstraZeneca, Pfizer/BioNTech",https://epistat.wiv-isp.be/covid/,17375959,8717999,8568841,493122,0.0
Belgium,2021-10-21,"Johnson&Johnson, Moderna, Oxford/AstraZeneca, Pfizer/BioNTech",https://epistat.wiv-isp.be/covid/,17411413,8722380,8572726,521047,0.0
Belgium,2021-10-22,"Johnson&Johnson, Moderna, Oxford/AstraZeneca, Pfizer/BioNTech",https://epistat.wiv-isp.be/covid/,17442357,8726409,8580715,540703,0.0
Belgium,2021-10-23,"Johnson&Johnson, Moderna, Oxford/AstraZeneca, Pfizer/BioNTech",https://epistat.wiv-isp.be/covid/,17460690,8730337,8587743,548656,0.0
Belgium,2021-10-24,"Johnson&Johnson, Moderna, Oxford/AstraZeneca, Pfizer/BioNTech",https://epistat.wiv-isp.be/covid/,17461202,8730583,8587856,548821,0.0
Belgium,2021-10-25,"Johnson&Johnson, Moderna, Oxford/AstraZeneca, Pfizer/BioNTech",https://epistat.wiv-isp.be/covid/,17477589,8733715,8590978,559499,0.0
Belgium,2021-10-26,"Johnson&Johnson, Moderna, Oxford/AstraZeneca, Pfizer/BioNTech",https://epistat.wiv-isp.be/covid/,17507923,8738164,8595532,581491,0.0
Belgium,2021-10-27,"Johnson&Johnson, Moderna, Oxford/AstraZeneca, Pfizer/BioNTech",https://epistat.wiv-isp.be/covid/,17545023,8744536,8602084,606389,0.0
Belgium,2021-10-28,"Johnson&Johnson, Moderna, Oxford/AstraZeneca, Pfizer/BioNTech",https://epistat.wiv-isp.be/covid/,17583088,8749918,8607190,634838,0.0
Belgium,2021-10-29,"Johnson&Johnson, Moderna, Oxford/AstraZeneca, Pfizer/BioNTech",https://epistat.wiv-isp.be/covid/,17613924,8755088,8613512,655268,0.0
Belgium,2021-10-30,"Johnson&Johnson, Moderna, Oxford/AstraZeneca, Pfizer/BioNTech",https://epistat.wiv-isp.be/covid/,17631065,8759443,8619442,662733,0.0
Belgium,2021-10-31,"Johnson&Johnson, Moderna, Oxford/AstraZeneca, Pfizer/BioNTech",https://epistat.wiv-isp.be/covid/,17631330,8759543,8619510,662837,0.0
Belgium,2021-11-01,"Johnson&Johnson, Moderna, Oxford/AstraZeneca, Pfizer/BioNTech",https://epistat.wiv-isp.be/covid/,17632524,8760003,8619821,663422,0.0
Belgium,2021-11-02,"Johnson&Johnson, Moderna, Oxford/AstraZeneca, Pfizer/BioNTech",https://epistat.wiv-isp.be/covid/,17651993,8764646,8623865,674809,0.0
Belgium,2021-11-03,"Johnson&Johnson, Moderna, Oxford/AstraZeneca, Pfizer/BioNTech",https://epistat.wiv-isp.be/covid/,17683416,8770949,8628870,695884,0.0
Belgium,2021-11-04,"Johnson&Johnson, Moderna, Oxford/AstraZeneca, Pfizer/BioNTech",https://epistat.wiv-isp.be/covid/,17714103,8776589,8633136,717417,0.0
Belgium,2021-11-05,"Johnson&Johnson, Moderna, Oxford/AstraZeneca, Pfizer/BioNTech",https://epistat.wiv-isp.be/covid/,17742652,8781624,8638422,736820,0.0
Belgium,2021-11-06,"Johnson&Johnson, Moderna, Oxford/AstraZeneca, Pfizer/BioNTech",https://epistat.wiv-isp.be/covid/,17761573,8785543,8642587,748296,0.0
Belgium,2021-11-07,"Johnson&Johnson, Moderna, Oxford/AstraZeneca, Pfizer/BioNTech",https://epistat.wiv-isp.be/covid/,17763566,8785944,8642986,749563,0.0
Belgium,2021-11-08,"Johnson&Johnson, Moderna, Oxford/AstraZeneca, Pfizer/BioNTech",https://epistat.wiv-isp.be/covid/,17784364,8788847,8645861,765124,0.0
Belgium,2021-11-09,"Johnson&Johnson, Moderna, Oxford/AstraZeneca, Pfizer/BioNTech",https://epistat.wiv-isp.be/covid/,17816385,8793673,8650946,787867,0.0
Belgium,2021-11-10,"Johnson&Johnson, Moderna, Oxford/AstraZeneca, Pfizer/BioNTech",https://epistat.wiv-isp.be/covid/,17863599,8800815,8657751,822288,0.0
Belgium,2021-11-11,"Johnson&Johnson, Moderna, Oxford/AstraZeneca, Pfizer/BioNTech",https://epistat.wiv-isp.be/covid/,17870389,8801962,8658681,827129,0.0
Belgium,2021-11-12,"Johnson&Johnson, Moderna, Oxford/AstraZeneca, Pfizer/BioNTech",https://epistat.wiv-isp.be/covid/,17902209,8806439,8663297,850566,0.0
Belgium,2021-11-13,"Johnson&Johnson, Moderna, Oxford/AstraZeneca, Pfizer/BioNTech",https://epistat.wiv-isp.be/covid/,17923780,8810507,8667611,864377,0.0
Belgium,2021-11-14,"Johnson&Johnson, Moderna, Oxford/AstraZeneca, Pfizer/BioNTech",https://epistat.wiv-isp.be/covid/,17924344,8810673,8667724,864667,0.0
Belgium,2021-11-15,"Johnson&Johnson, Moderna, Oxford/AstraZeneca, Pfizer/BioNTech",https://epistat.wiv-isp.be/covid/,17955172,8813654,8670994,889603,0.0
Belgium,2021-11-16,"Johnson&Johnson, Moderna, Oxford/AstraZeneca, Pfizer/BioNTech",https://epistat.wiv-isp.be/covid/,18007507,8818465,8676396,932147,0.0
Belgium,2021-11-17,"Johnson&Johnson, Moderna, Oxford/AstraZeneca, Pfizer/BioNTech",https://epistat.wiv-isp.be/covid/,18084422,8826170,8683273,994841,0.0
Belgium,2021-11-18,"Johnson&Johnson, Moderna, Oxford/AstraZeneca, Pfizer/BioNTech",https://epistat.wiv-isp.be/covid/,18153128,8831179,8688100,1054093,0.0
Belgium,2021-11-19,"Johnson&Johnson, Moderna, Oxford/AstraZeneca, Pfizer/BioNTech",https://epistat.wiv-isp.be/covid/,18215289,8835845,8692954,1107212,0.0
Belgium,2021-11-20,"Johnson&Johnson, Moderna, Oxford/AstraZeneca, Pfizer/BioNTech",https://epistat.wiv-isp.be/covid/,18246947,8839970,8697378,1130665,0.0
Belgium,2021-11-21,"Johnson&Johnson, Moderna, Oxford/AstraZeneca, Pfizer/BioNTech",https://epistat.wiv-isp.be/covid/,18248072,8840113,8697520,1131509,0.0
Belgium,2021-11-22,"Johnson&Johnson, Moderna, Oxford/AstraZeneca, Pfizer/BioNTech",https://epistat.wiv-isp.be/covid/,18297236,8843252,8699663,1175723,0.0
Belgium,2021-11-23,"Johnson&Johnson, Moderna, Oxford/AstraZeneca, Pfizer/BioNTech",https://epistat.wiv-isp.be/covid/,18385209,8847456,8704407,1255125,0.0
Belgium,2021-11-24,"Johnson&Johnson, Moderna, Oxford/AstraZeneca, Pfizer/BioNTech",https://epistat.wiv-isp.be/covid/,18491326,8854811,8710833,1347842,0.0
Belgium,2021-11-25,"Johnson&Johnson, Moderna, Oxford/AstraZeneca, Pfizer/BioNTech",https://epistat.wiv-isp.be/covid/,18613150,8859129,8715333,1461145,0.0
Belgium,2021-11-26,"Johnson&Johnson, Moderna, Oxford/AstraZeneca, Pfizer/BioNTech",https://epistat.wiv-isp.be/covid/,18712278,8862558,8719525,1552988,0.0
Belgium,2021-11-27,"Johnson&Johnson, Moderna, Oxford/AstraZeneca, Pfizer/BioNTech",https://epistat.wiv-isp.be/covid/,18752669,8865611,8724331,1585783,0.0
Belgium,2021-11-28,"Johnson&Johnson, Moderna, Oxford/AstraZeneca, Pfizer/BioNTech",https://epistat.wiv-isp.be/covid/,18756003,8865798,8724579,1588686,0.0
Belgium,2021-11-29,"Johnson&Johnson, Moderna, Oxford/AstraZeneca, Pfizer/BioNTech",https://epistat.wiv-isp.be/covid/,18835607,8867748,8727247,1663900,0.0
Belgium,2021-11-30,"Johnson&Johnson, Moderna, Oxford/AstraZeneca, Pfizer/BioNTech",https://epistat.wiv-isp.be/covid/,18942870,8871061,8730874,1764412,0.0
Belgium,2021-12-01,"Johnson&Johnson, Moderna, Oxford/AstraZeneca, Pfizer/BioNTech",https://epistat.wiv-isp.be/covid/,19067486,8876353,8737648,1877121,0.0
Belgium,2021-12-02,"Johnson&Johnson, Moderna, Oxford/AstraZeneca, Pfizer/BioNTech",https://epistat.wiv-isp.be/covid/,19192944,8878930,8740498,1997306,0.0
Belgium,2021-12-03,"Johnson&Johnson, Moderna, Oxford/AstraZeneca, Pfizer/BioNTech",https://epistat.wiv-isp.be/covid/,19308041,8881711,8744013,2106273,0.0
Belgium,2021-12-04,"Johnson&Johnson, Moderna, Oxford/AstraZeneca, Pfizer/BioNTech",https://epistat.wiv-isp.be/covid/,19362026,8883716,8748233,2154262,0.0
Belgium,2021-12-05,"Johnson&Johnson, Moderna, Oxford/AstraZeneca, Pfizer/BioNTech",https://epistat.wiv-isp.be/covid/,19366354,8883868,8748392,2158349,0.0
Belgium,2021-12-06,"Johnson&Johnson, Moderna, Oxford/AstraZeneca, Pfizer/BioNTech",https://epistat.wiv-isp.be/covid/,19450282,8885393,8750611,2238652,0.0
Belgium,2021-12-07,"Johnson&Johnson, Moderna, Oxford/AstraZeneca, Pfizer/BioNTech",https://epistat.wiv-isp.be/covid/,19564829,8887569,8754672,2347089,0.0
Belgium,2021-12-08,"Johnson&Johnson, Moderna, Oxford/AstraZeneca, Pfizer/BioNTech",https://epistat.wiv-isp.be/covid/,19686316,8890927,8761250,2458774,0.0
Belgium,2021-12-09,"Johnson&Johnson, Moderna, Oxford/AstraZeneca, Pfizer/BioNTech",https://epistat.wiv-isp.be/covid/,19821293,8893186,8764982,2587871,0.0
Belgium,2021-12-10,"Johnson&Johnson, Moderna, Oxford/AstraZeneca, Pfizer/BioNTech",https://epistat.wiv-isp.be/covid/,19938623,8895669,8768875,2699028,0.0
Belgium,2021-12-11,"Johnson&Johnson, Moderna, Oxford/AstraZeneca, Pfizer/BioNTech",https://epistat.wiv-isp.be/covid/,20002272,8897772,8772344,2757232,0.0
Belgium,2021-12-12,"Johnson&Johnson, Moderna, Oxford/AstraZeneca, Pfizer/BioNTech",https://epistat.wiv-isp.be/covid/,20007985,8897913,8772738,2762446,0.0
Belgium,2021-12-13,"Johnson&Johnson, Moderna, Oxford/AstraZeneca, Pfizer/BioNTech",https://epistat.wiv-isp.be/covid/,20113486,8899772,8775746,2863196,0.0
Belgium,2021-12-14,"Johnson&Johnson, Moderna, Oxford/AstraZeneca, Pfizer/BioNTech",https://epistat.wiv-isp.be/covid/,20243965,8901773,8779168,2988419,0.0
Belgium,2021-12-15,"Johnson&Johnson, Moderna, Oxford/AstraZeneca, Pfizer/BioNTech",https://epistat.wiv-isp.be/covid/,20373614,8905125,8785352,3108738,0.0
Belgium,2021-12-16,"Johnson&Johnson, Moderna, Oxford/AstraZeneca, Pfizer/BioNTech",https://epistat.wiv-isp.be/covid/,20513379,8907590,8789134,3242413,0.0
Belgium,2021-12-17,"Johnson&Johnson, Moderna, Oxford/AstraZeneca, Pfizer/BioNTech",https://epistat.wiv-isp.be/covid/,20651076,8910861,8793013,3373157,0.0
Belgium,2021-12-18,"Johnson&Johnson, Moderna, Oxford/AstraZeneca, Pfizer/BioNTech",https://epistat.wiv-isp.be/covid/,20726276,8912900,8796263,3443171,0.0
Belgium,2021-12-19,"Johnson&Johnson, Moderna, Oxford/AstraZeneca, Pfizer/BioNTech",https://epistat.wiv-isp.be/covid/,20741082,8913171,8796565,3457448,0.0
Belgium,2021-12-20,"Johnson&Johnson, Moderna, Oxford/AstraZeneca, Pfizer/BioNTech",https://epistat.wiv-isp.be/covid/,20885255,8914948,8799166,3597342,0.0
Belgium,2021-12-21,"Johnson&Johnson, Moderna, Oxford/AstraZeneca, Pfizer/BioNTech",https://epistat.wiv-isp.be/covid/,21066003,8917842,8803064,3771394,0.0
Belgium,2021-12-22,"Johnson&Johnson, Moderna, Oxford/AstraZeneca, Pfizer/BioNTech",https://epistat.wiv-isp.be/covid/,21237423,8921765,8810434,3931628,0.0
Belgium,2021-12-23,"Johnson&Johnson, Moderna, Oxford/AstraZeneca, Pfizer/BioNTech",https://epistat.wiv-isp.be/covid/,21373871,8924364,8814496,4061497,0.0
Belgium,2021-12-24,"Johnson&Johnson, Moderna, Oxford/AstraZeneca, Pfizer/BioNTech",https://epistat.wiv-isp.be/covid/,21387967,8924790,8814935,4074748,0.0
Belgium,2021-12-25,"Johnson&Johnson, Moderna, Oxford/AstraZeneca, Pfizer/BioNTech",https://epistat.wiv-isp.be/covid/,21388058,8924800,8814946,4074820,0.0
Belgium,2021-12-26,"Johnson&Johnson, Moderna, Oxford/AstraZeneca, Pfizer/BioNTech",https://epistat.wiv-isp.be/covid/,21389545,8924812,8814958,4076289,0.0
Belgium,2021-12-27,"Johnson&Johnson, Moderna, Oxford/AstraZeneca, Pfizer/BioNTech",https://epistat.wiv-isp.be/covid/,21464125,8926136,8816698,4147859,0.0
Belgium,2021-12-28,"Johnson&Johnson, Moderna, Oxford/AstraZeneca, Pfizer/BioNTech",https://epistat.wiv-isp.be/covid/,21555639,8927820,8818304,4236168,0.0
Belgium,2021-12-29,"Johnson&Johnson, Moderna, Oxford/AstraZeneca, Pfizer/BioNTech",https://epistat.wiv-isp.be/covid/,21649452,8929771,8820337,4326062,0.0
Belgium,2021-12-30,"Johnson&Johnson, Moderna, Oxford/AstraZeneca, Pfizer/BioNTech",https://epistat.wiv-isp.be/covid/,21704348,8931186,8821554,4378379,0.0
Belgium,2021-12-31,"Johnson&Johnson, Moderna, Oxford/AstraZeneca, Pfizer/BioNTech",https://epistat.wiv-isp.be/covid/,21709575,8931530,8821772,4383056,0.0
Belgium,2022-01-01,"Johnson&Johnson, Moderna, Oxford/AstraZeneca, Pfizer/BioNTech",https://epistat.wiv-isp.be/covid/,21709640,8931537,8821777,4383109,0.0
Belgium,2022-01-02,"Johnson&Johnson, Moderna, Oxford/AstraZeneca, Pfizer/BioNTech",https://epistat.wiv-isp.be/covid/,21709745,8931552,8821783,4383195,0.0
Belgium,2022-01-03,"Johnson&Johnson, Moderna, Oxford/AstraZeneca, Pfizer/BioNTech",https://epistat.wiv-isp.be/covid/,21835330,8933359,8823872,4504930,0.0
Belgium,2022-01-04,"Johnson&Johnson, Moderna, Oxford/AstraZeneca, Pfizer/BioNTech",https://epistat.wiv-isp.be/covid/,21983040,8935502,8826130,4648281,0.0
Belgium,2022-01-05,"Johnson&Johnson, Moderna, Oxford/AstraZeneca, Pfizer/BioNTech",https://epistat.wiv-isp.be/covid/,22147722,8939329,8830888,4804425,0.0
Belgium,2022-01-06,"Johnson&Johnson, Moderna, Oxford/AstraZeneca, Pfizer/BioNTech",https://epistat.wiv-isp.be/covid/,22309841,8942186,8833181,4961457,0.0
Belgium,2022-01-07,"Johnson&Johnson, Moderna, Oxford/AstraZeneca, Pfizer/BioNTech",https://epistat.wiv-isp.be/covid/,22468232,8945168,8835301,5114836,0.0
Belgium,2022-01-08,"Johnson&Johnson, Moderna, Oxford/AstraZeneca, Pfizer/BioNTech",https://epistat.wiv-isp.be/covid/,22561251,8954627,8837489,5196238,0.0
Belgium,2022-01-09,"Johnson&Johnson, Moderna, Oxford/AstraZeneca, Pfizer/BioNTech",https://epistat.wiv-isp.be/covid/,22590938,8961476,8837719,5218852,0.0
Belgium,2022-01-10,"Johnson&Johnson, Moderna, Oxford/AstraZeneca, Pfizer/BioNTech",https://epistat.wiv-isp.be/covid/,22716475,8962974,8839297,5341365,0.0
Belgium,2022-01-11,"Johnson&Johnson, Moderna, Oxford/AstraZeneca, Pfizer/BioNTech",https://epistat.wiv-isp.be/covid/,22863425,8965607,8841975,5483047,0.0
Belgium,2022-01-12,"Johnson&Johnson, Moderna, Oxford/AstraZeneca, Pfizer/BioNTech",https://epistat.wiv-isp.be/covid/,23005307,8981655,8847682,5603252,0.0
Belgium,2022-01-13,"Johnson&Johnson, Moderna, Oxford/AstraZeneca, Pfizer/BioNTech",https://epistat.wiv-isp.be/covid/,23141696,8984386,8849586,5735053,0.0
Belgium,2022-01-14,"Johnson&Johnson, Moderna, Oxford/AstraZeneca, Pfizer/BioNTech",https://epistat.wiv-isp.be/covid/,23266334,8988106,8851238,5854381,0.0
Belgium,2022-01-15,"Johnson&Johnson, Moderna, Oxford/AstraZeneca, Pfizer/BioNTech",https://epistat.wiv-isp.be/covid/,23353884,9018890,8852517,5909887,0.0
Belgium,2022-01-16,"Johnson&Johnson, Moderna, Oxford/AstraZeneca, Pfizer/BioNTech",https://epistat.wiv-isp.be/covid/,23376143,9028733,8852629,5922191,0.0
Belgium,2022-01-17,"Johnson&Johnson, Moderna, Oxford/AstraZeneca, Pfizer/BioNTech",https://epistat.wiv-isp.be/covid/,23463788,9031671,8853776,6005780,0.0
Belgium,2022-01-18,"Johnson&Johnson, Moderna, Oxford/AstraZeneca, Pfizer/BioNTech",https://epistat.wiv-isp.be/covid/,23554308,9035476,8855400,6090918,0.0
Belgium,2022-01-19,"Johnson&Johnson, Moderna, Oxford/AstraZeneca, Pfizer/BioNTech",https://epistat.wiv-isp.be/covid/,23647402,9060801,8857609,6156543,0.0
Belgium,2022-01-20,"Johnson&Johnson, Moderna, Oxford/AstraZeneca, Pfizer/BioNTech",https://epistat.wiv-isp.be/covid/,23725845,9064492,8858987,6229973,81.0
Belgium,2022-01-21,"Johnson&Johnson, Moderna, Oxford/AstraZeneca, Pfizer/BioNTech",https://epistat.wiv-isp.be/covid/,23798024,9069688,8860011,6295987,63.0
Belgium,2022-01-22,"Johnson&Johnson, Moderna, Oxford/AstraZeneca, Pfizer/BioNTech",https://epistat.wiv-isp.be/covid/,23860703,9100577,8861013,6326795,35.0
Belgium,2022-01-23,"Johnson&Johnson, Moderna, Oxford/AstraZeneca, Pfizer/BioNTech",https://epistat.wiv-isp.be/covid/,23870917,9106952,8861064,6330584,3.0
Belgium,2022-01-24,"Johnson&Johnson, Moderna, Oxford/AstraZeneca, Pfizer/BioNTech",https://epistat.wiv-isp.be/covid/,23923790,9109559,8862204,6379743,49.0
Belgium,2022-01-25,"Johnson&Johnson, Moderna, Oxford/AstraZeneca, Pfizer/BioNTech",https://epistat.wiv-isp.be/covid/,23968260,9112490,8863491,6420037,57.0
Belgium,2022-01-26,"Johnson&Johnson, Moderna, Oxford/AstraZeneca, Pfizer/BioNTech",https://epistat.wiv-isp.be/covid/,24029830,9130360,8866724,6460561,101.0
Belgium,2022-01-27,"Johnson&Johnson, Moderna, Oxford/AstraZeneca, Pfizer/BioNTech",https://epistat.wiv-isp.be/covid/,24072840,9133198,8868125,6499356,81.0
Belgium,2022-01-28,"Johnson&Johnson, Moderna, Oxford/AstraZeneca, Pfizer/BioNTech",https://epistat.wiv-isp.be/covid/,24118807,9135836,8869785,6541068,99.0
Belgium,2022-01-29,"Johnson&Johnson, Moderna, Oxford/AstraZeneca, Pfizer/BioNTech",https://epistat.wiv-isp.be/covid/,24164879,9153280,8878961,6560530,25.0
Belgium,2022-01-30,"Johnson&Johnson, Moderna, Oxford/AstraZeneca, Pfizer/BioNTech",https://epistat.wiv-isp.be/covid/,24171135,9155666,8880884,6562477,9.0
Belgium,2022-01-31,"Johnson&Johnson, Moderna, Oxford/AstraZeneca, Pfizer/BioNTech",https://epistat.wiv-isp.be/covid/,24195464,9157335,8882006,6584034,52.0
Belgium,2022-02-01,"Johnson&Johnson, Moderna, Oxford/AstraZeneca, Pfizer/BioNTech",https://epistat.wiv-isp.be/covid/,24226834,9159541,8884264,6610955,284.0
Belgium,2022-02-02,"Johnson&Johnson, Moderna, Oxford/AstraZeneca, Pfizer/BioNTech",https://epistat.wiv-isp.be/covid/,24278803,9168897,8895836,6642002,400.0
Belgium,2022-02-03,"Johnson&Johnson, Moderna, Oxford/AstraZeneca, Pfizer/BioNTech",https://epistat.wiv-isp.be/covid/,24308726,9171475,8897937,6667281,379.0
Belgium,2022-02-04,"Johnson&Johnson, Moderna, Oxford/AstraZeneca, Pfizer/BioNTech",https://epistat.wiv-isp.be/covid/,24340770,9173301,8900754,6694713,293.0
Belgium,2022-02-05,"Johnson&Johnson, Moderna, Oxford/AstraZeneca, Pfizer/BioNTech",https://epistat.wiv-isp.be/covid/,24385845,9180999,8924949,6707896,127.0
Belgium,2022-02-06,"Johnson&Johnson, Moderna, Oxford/AstraZeneca, Pfizer/BioNTech",https://epistat.wiv-isp.be/covid/,24395375,9182340,8932311,6708726,7.0
Belgium,2022-02-07,"Johnson&Johnson, Moderna, Oxford/AstraZeneca, Pfizer/BioNTech",https://epistat.wiv-isp.be/covid/,24409109,9183134,8934578,6719439,129.0
Belgium,2022-02-08,"Johnson&Johnson, Moderna, Oxford/AstraZeneca, Pfizer/BioNTech",https://epistat.wiv-isp.be/covid/,24430745,9184291,8937601,6736904,664.0
Belgium,2022-02-09,"Johnson&Johnson, Moderna, Oxford/AstraZeneca, Pfizer/BioNTech",https://epistat.wiv-isp.be/covid/,24493489,9190428,8958041,6773083,4013.0
Belgium,2022-02-10,"Johnson&Johnson, Moderna, Oxford/AstraZeneca, Pfizer/BioNTech",https://epistat.wiv-isp.be/covid/,24532150,9191700,8961251,6807282,5473.0
Belgium,2022-02-11,"Johnson&Johnson, Moderna, Oxford/AstraZeneca, Pfizer/BioNTech",https://epistat.wiv-isp.be/covid/,24569131,9193154,8965879,6838195,5563.0
Belgium,2022-02-12,"Johnson&Johnson, Moderna, Oxford/AstraZeneca, Pfizer/BioNTech",https://epistat.wiv-isp.be/covid/,24628158,9198745,8993483,6864028,4861.0
Belgium,2022-02-13,"Johnson&Johnson, Moderna, Oxford/AstraZeneca, Pfizer/BioNTech",https://epistat.wiv-isp.be/covid/,24639083,9199505,9000343,6867334,463.0
Belgium,2022-02-14,"Johnson&Johnson, Moderna, Oxford/AstraZeneca, Pfizer/BioNTech",https://epistat.wiv-isp.be/covid/,24650722,9200034,9002243,6876553,1801.0
Belgium,2022-02-15,"Johnson&Johnson, Moderna, Oxford/AstraZeneca, Pfizer/BioNTech",https://epistat.wiv-isp.be/covid/,24671656,9200686,9004816,6894271,4388.0
Belgium,2022-02-16,"Johnson&Johnson, Moderna, Oxford/AstraZeneca, Pfizer/BioNTech",https://epistat.wiv-isp.be/covid/,24745238,9206113,9024618,6942628,13308.0
Belgium,2022-02-17,"Johnson&Johnson, Moderna, Oxford/AstraZeneca, Pfizer/BioNTech",https://epistat.wiv-isp.be/covid/,24772414,9207067,9027151,6966324,9674.0
Belgium,2022-02-18,"Johnson&Johnson, Moderna, Oxford/AstraZeneca, Pfizer/BioNTech",https://epistat.wiv-isp.be/covid/,24793701,9207835,9029128,6984883,5717.0
Belgium,2022-02-19,"Johnson&Johnson, Moderna, Oxford/AstraZeneca, Pfizer/BioNTech",https://epistat.wiv-isp.be/covid/,24837173,9212109,9049435,7003775,4018.0
Belgium,2022-02-20,"Johnson&Johnson, Moderna, Oxford/AstraZeneca, Pfizer/BioNTech",https://epistat.wiv-isp.be/covid/,24841228,9212647,9051719,7005008,381.0
Belgium,2022-02-21,"Johnson&Johnson, Moderna, Oxford/AstraZeneca, Pfizer/BioNTech",https://epistat.wiv-isp.be/covid/,24856676,9213192,9053342,7018305,7083.0
Belgium,2022-02-22,"Johnson&Johnson, Moderna, Oxford/AstraZeneca, Pfizer/BioNTech",https://epistat.wiv-isp.be/covid/,24887253,9213990,9055218,7046222,18003.0
Belgium,2022-02-23,"Johnson&Johnson, Moderna, Oxford/AstraZeneca, Pfizer/BioNTech",https://epistat.wiv-isp.be/covid/,24944943,9216710,9067877,7088544,17552.0
Belgium,2022-02-24,"Johnson&Johnson, Moderna, Oxford/AstraZeneca, Pfizer/BioNTech",https://epistat.wiv-isp.be/covid/,24981065,9217655,9071171,7120439,19288.0
Belgium,2022-02-25,"Johnson&Johnson, Moderna, Oxford/AstraZeneca, Pfizer/BioNTech",https://epistat.wiv-isp.be/covid/,25009214,9218389,9073119,7145933,12067.0
Belgium,2022-02-26,"Johnson&Johnson, Moderna, Oxford/AstraZeneca, Pfizer/BioNTech",https://epistat.wiv-isp.be/covid/,25036581,9220099,9082040,7162670,5739.0
Belgium,2022-02-27,"Johnson&Johnson, Moderna, Oxford/AstraZeneca, Pfizer/BioNTech",https://epistat.wiv-isp.be/covid/,25038240,9220212,9082981,7163275,70.0
Belgium,2022-02-28,"Johnson&Johnson, Moderna, Oxford/AstraZeneca, Pfizer/BioNTech",https://epistat.wiv-isp.be/covid/,25044196,9220533,9083711,7168198,1595.0
Belgium,2022-03-01,"Johnson&Johnson, Moderna, Oxford/AstraZeneca, Pfizer/BioNTech",https://epistat.wiv-isp.be/covid/,25052838,9220949,9084367,7175779,2996.0
Belgium,2022-03-02,"Johnson&Johnson, Moderna, Oxford/AstraZeneca, Pfizer/BioNTech",https://epistat.wiv-isp.be/covid/,25075103,9222656,9089387,7191346,5132.0
Belgium,2022-03-03,"Johnson&Johnson, Moderna, Oxford/AstraZeneca, Pfizer/BioNTech",https://epistat.wiv-isp.be/covid/,25084792,9223331,9090662,7199100,3180.0
Belgium,2022-03-04,"Johnson&Johnson, Moderna, Oxford/AstraZeneca, Pfizer/BioNTech",https://epistat.wiv-isp.be/covid/,25092718,9223851,9091742,7205438,1828.0
Belgium,2022-03-05,"Johnson&Johnson, Moderna, Oxford/AstraZeneca, Pfizer/BioNTech",https://epistat.wiv-isp.be/covid/,25104226,9224654,9096021,7211865,2882.0
Belgium,2022-03-06,"Johnson&Johnson, Moderna, Oxford/AstraZeneca, Pfizer/BioNTech",https://epistat.wiv-isp.be/covid/,25104406,9224671,9096099,7211950,14.0
Belgium,2022-03-07,"Johnson&Johnson, Moderna, Oxford/AstraZeneca, Pfizer/BioNTech",https://epistat.wiv-isp.be/covid/,25108922,9224828,9096383,7216027,2664.0
Belgium,2022-03-08,"Johnson&Johnson, Moderna, Oxford/AstraZeneca, Pfizer/BioNTech",https://epistat.wiv-isp.be/covid/,25114681,9225082,9097184,7220732,2277.0
Belgium,2022-03-09,"Johnson&Johnson, Moderna, Oxford/AstraZeneca, Pfizer/BioNTech",https://epistat.wiv-isp.be/covid/,25146356,9227011,9106990,7240676,10602.0
Belgium,2022-03-10,"Johnson&Johnson, Moderna, Oxford/AstraZeneca, Pfizer/BioNTech",https://epistat.wiv-isp.be/covid/,25151611,9227374,9107746,7244813,1913.0
Belgium,2022-03-11,"Johnson&Johnson, Moderna, Oxford/AstraZeneca, Pfizer/BioNTech",https://epistat.wiv-isp.be/covid/,25155616,9227531,9108278,7248136,1423.0
Belgium,2022-03-12,"Johnson&Johnson, Moderna, Oxford/AstraZeneca, Pfizer/BioNTech",https://epistat.wiv-isp.be/covid/,25165235,9228013,9112755,7252796,2095.0
Belgium,2022-03-13,"Johnson&Johnson, Moderna, Oxford/AstraZeneca, Pfizer/BioNTech",https://epistat.wiv-isp.be/covid/,25166754,9228062,9113761,7253260,274.0
Belgium,2022-03-14,"Johnson&Johnson, Moderna, Oxford/AstraZeneca, Pfizer/BioNTech",https://epistat.wiv-isp.be/covid/,25168407,9228144,9114247,7254347,499.0
Belgium,2022-03-15,"Johnson&Johnson, Moderna, Oxford/AstraZeneca, Pfizer/BioNTech",https://epistat.wiv-isp.be/covid/,25172949,9228253,9114819,7258214,2096.0
Belgium,2022-03-16,"Johnson&Johnson, Moderna, Oxford/AstraZeneca, Pfizer/BioNTech",https://epistat.wiv-isp.be/covid/,25190543,9228877,9119038,7270988,6347.0
Belgium,2022-03-17,"Johnson&Johnson, Moderna, Oxford/AstraZeneca, Pfizer/BioNTech",https://epistat.wiv-isp.be/covid/,25196463,9229111,9119777,7275948,2510.0
Belgium,2022-03-18,"Johnson&Johnson, Moderna, Oxford/AstraZeneca, Pfizer/BioNTech",https://epistat.wiv-isp.be/covid/,25200952,9229266,9120248,7279819,1777.0
Belgium,2022-03-19,"Johnson&Johnson, Moderna, Oxford/AstraZeneca, Pfizer/BioNTech",https://epistat.wiv-isp.be/covid/,25207748,9229625,9122122,7284382,2239.0
Belgium,2022-03-20,"Johnson&Johnson, Moderna, Oxford/AstraZeneca, Pfizer/BioNTech",https://epistat.wiv-isp.be/covid/,25207829,9229638,9122139,7284434,7.0
Belgium,2022-03-21,"Johnson&Johnson, Moderna, Oxford/AstraZeneca, Pfizer/BioNTech",https://epistat.wiv-isp.be/covid/,25209967,9229748,9122771,7285838,762.0
Belgium,2022-03-22,"Johnson&Johnson, Moderna, Oxford/AstraZeneca, Pfizer/BioNTech",https://epistat.wiv-isp.be/covid/,25214014,9229945,9123543,7288920,1666.0
Belgium,2022-03-23,"Johnson&Johnson, Moderna, Oxford/AstraZeneca, Pfizer/BioNTech",https://epistat.wiv-isp.be/covid/,25227690,9230419,9125643,7300031,6585.0
Belgium,2022-03-24,"Johnson&Johnson, Moderna, Oxford/AstraZeneca, Pfizer/BioNTech",https://epistat.wiv-isp.be/covid/,25231383,9230575,9126012,7303199,1730.0
Belgium,2022-03-25,"Johnson&Johnson, Moderna, Oxford/AstraZeneca, Pfizer/BioNTech",https://epistat.wiv-isp.be/covid/,25235054,9230700,9126396,7306361,1553.0
Belgium,2022-03-26,"Johnson&Johnson, Moderna, Oxford/AstraZeneca, Pfizer/BioNTech",https://epistat.wiv-isp.be/covid/,25241114,9230978,9127444,7311095,2713.0
Belgium,2022-03-27,"Johnson&Johnson, Moderna, Oxford/AstraZeneca, Pfizer/BioNTech",https://epistat.wiv-isp.be/covid/,25241251,9230986,9127497,7311171,16.0
Belgium,2022-03-28,"Johnson&Johnson, Moderna, Oxford/AstraZeneca, Pfizer/BioNTech",https://epistat.wiv-isp.be/covid/,25243068,9231075,9127844,7312552,628.0
Belgium,2022-03-29,"Johnson&Johnson, Moderna, Oxford/AstraZeneca, Pfizer/BioNTech",https://epistat.wiv-isp.be/covid/,25245622,9231167,9128031,7314827,1103.0
Belgium,2022-03-30,"Johnson&Johnson, Moderna, Oxford/AstraZeneca, Pfizer/BioNTech",https://epistat.wiv-isp.be/covid/,25261105,9231780,9130994,7326734,6752.0
Belgium,2022-03-31,"Johnson&Johnson, Moderna, Oxford/AstraZeneca, Pfizer/BioNTech",https://epistat.wiv-isp.be/covid/,25264296,9231955,9131509,7329235,1239.0
Belgium,2022-04-01,"Johnson&Johnson, Moderna, Oxford/AstraZeneca, Pfizer/BioNTech",https://epistat.wiv-isp.be/covid/,25265713,9232036,9131711,7330369,559.0
Belgium,2022-04-02,"Johnson&Johnson, Moderna, Oxford/AstraZeneca, Pfizer/BioNTech",https://epistat.wiv-isp.be/covid/,25266830,9232165,9131911,7331157,415.0
